Description,Quantity
"PAPER CRAFT , LITTLE BIRDIE",-80995
MEDIUM CERAMIC TOP STORAGE JAR,-74494
ROTATING SILVER ANGELS T-LIGHT HLDR,-9376
Manual,-4066
FAIRY CAKE FLANNEL ASSORTED COLOUR,-3150
WHITE HANGING HEART T-LIGHT HOLDER,-2578
GIN + TONIC DIET METAL SIGN,-2030
HERB MARKER BASIL,-1527
FELTCRAFT DOLL MOLLY,-1447
TEA TIME PARTY BUNTING,-1424
PAPER POCKET TRAVELING FAN ,-1385
PINK BLUE FELT CRAFT TRINKET BOX,-1321
WORLD WAR 2 GLIDERS ASSTD DESIGNS,-1200
Discount,-1194
COLOUR GLASS. STAR T-LIGHT HOLDER,-1174
JUMBO BAG RED RETROSPOT,-1115
HOME SWEET HOME MUG,-1052
PANTRY CHOPPING BOARD,-946
PLACE SETTING WHITE HEART,-890
FELTCRAFT BUTTERFLY HEARTS,-877
REGENCY CAKESTAND 3 TIER,-855
ASSORTED COLOURS SILK FAN,-744
JUMBO BAG APPLES,-723
MIRROR MOSAIC T-LIGHT HOLDER ,-720
REGENCY TEA PLATE ROSES ,-718
REVOLVER WOODEN RULER ,-716
GIRAFFE WOODEN RULER,-714
VINTAGE BILLBOARD TEA MUG,-701
SAVE THE PLANET MUG,-685
DOORMAT FAIRY CAKE,-674
ROUND SNACK BOXES SET OF 4 FRUITS ,-658
FELTCRAFT 6 FLOWER FRIENDS,-623
JUMBO BAG ALPHABET,-594
FLOWERS CHANDELIER T-LIGHT HOLDER,-579
LUNCH BAG RED RETROSPOT,-574
JUMBO BAG VINTAGE DOILY ,-568
12 PENCILS SMALL TUBE SKULL,-566
RAIN PONCHO RETROSPOT,-528
SMALL CERAMIC TOP STORAGE JAR ,-525
VANILLA SCENT CANDLE JEWELLED BOX,-505
MIRROR MOSAIC T-LIGHT HOLDER ROUND,-482
JUMBO BAG PINK POLKADOT,-456
OCEAN SCENT CANDLE IN JEWELLED BOX,-454
PAPER CHAIN KIT 50'S CHRISTMAS ,-453
VICTORIAN GLASS HANGING T-LIGHT,-450
LUNCH BAG ALPHABET DESIGN,-448
ROSES REGENCY TEACUP AND SAUCER ,-437
ALPHABET STENCIL CRAFT,-437
BEADED CHANDELIER T-LIGHT HOLDER,-433
IVORY CHANDELIER T-LIGHT HOLDER,-432
POPCORN HOLDER,-427
BASKET OF TOADSTOOLS,-408
HOT WATER BOTTLE I AM SO POORLY,-394
PACK OF 72 RETROSPOT CAKE CASES,-380
STRAWBERRY CERAMIC TRINKET BOX,-362
JUMBO SHOPPER VINTAGE RED PAISLEY,-354
WOODEN FRAME ANTIQUE WHITE ,-353
PAPER CHAIN KIT VINTAGE CHRISTMAS,-351
IVORY DINER WALL CLOCK,-344
JUMBO STORAGE BAG SUKI,-334
JAM MAKING SET PRINTED,-331
MIRROR MOSAIC VOTIVE HOLDER,-324
36 DOILIES VINTAGE CHRISTMAS,-324
RED RETROSPOT CAKE STAND,-322
LUNCH BOX I LOVE LONDON,-322
ANTIQUE SILVER T-LIGHT GLASS,-316
60 CAKE CASES VINTAGE CHRISTMAS,-312
WRAP CHRISTMAS VILLAGE,-300
GOLD MINI TAPE MEASURE ,-300
SMALL RED RETROSPOT MUG IN BOX ,-296
VICTORIAN  METAL POSTCARD SPRING,-296
WHITE TALL PORCELAIN T-LIGHT HOLDER,-292
BATHROOM METAL SIGN,-290
VICTORIAN SEWING KIT,-289
BOYS ALPHABET IRON ON PATCHES,-288
SMALL WHITE RETROSPOT MUG IN BOX ,-286
JUMBO  BAG BAROQUE BLACK WHITE,-281
PARTY BUNTING,-277
WOODEN SCHOOL COLOURING SET,-276
DOLLY GIRL LUNCH BOX,-275
PAINT YOUR OWN CANVAS SET,-273
JUMBO BAG VINTAGE CHRISTMAS ,-271
CHARLOTTE BAG PINK POLKADOT,-266
JUMBO BAG SCANDINAVIAN BLUE PAISLEY,-265
SILVER HANGING T-LIGHT HOLDER,-263
JUMBO BAG 50'S CHRISTMAS ,-262
SET OF 20 VINTAGE CHRISTMAS NAPKINS,-259
CHRISTMAS METAL TAGS ASSORTED ,-258
SET OF 3 BABUSHKA STACKING TINS,-255
JUMBO BAG STRAWBERRY,-250
OFFICE MUG WARMER PINK,-250
JAM MAKING SET WITH JARS,-247
FELTCRAFT CUSHION RABBIT,-245
JUMBO BAG OWLS,-243
JUMBO BAG VINTAGE LEAF,-242
JUMBO BAG WOODLAND ANIMALS,-240
MIRROR MOSAIC GOBLET CANDLE HOLDER,-240
SET OF 6 NATIVITY MAGNETS ,-240
RED RETROSPOT PEG BAG,-238
FRIDGE MAGNETS US DINER ASSORTED,-234
WOODEN PICTURE FRAME WHITE FINISH,-233
FRIDGE MAGNETS LA VIE EN ROSE,-229
LARGE CIRCULAR MIRROR MOBILE,-228
DOORMAT KEEP CALM AND COME IN,-225
BLUE POLKADOT WRAP,-225
RED RETROSPOT CHARLOTTE BAG,-223
JUMBO BAG PINK VINTAGE PAISLEY,-222
LUNCH BAG CARS BLUE,-214
RED RETROSPOT OVEN GLOVE ,-212
SET 2 TEA TOWELS I LOVE LONDON ,-208
WOOD 2 DRAWER CABINET WHITE FINISH,-203
HAND WARMER BABUSHKA DESIGN,-203
WHITE ROCKING HORSE HAND PAINTED,-200
SET/2 RED RETROSPOT TEA TOWELS ,-200
MINI PAINT SET VINTAGE ,-196
CARD HOLDER GINGHAM HEART,-195
FELTCRAFT CUSHION BUTTERFLY,-194
ROSE 1 WICK MORRIS BOXED CANDLE,-193
HEART WOODEN CHRISTMAS DECORATION,-192
CHARLOTTE BAG VINTAGE ALPHABET ,-191
RED TOADSTOOL LED NIGHT LIGHT,-186
CHARLOTTE BAG APPLES DESIGN,-186
ASSTD DESIGN RACING CAR PEN,-185
WHITE SKULL HOT WATER BOTTLE ,-185
TRAVEL CARD WALLET PANTRY,-184
CARD BILLBOARD FONT,-181
HANGING FAIRY CAKE DECORATION,-179
TRAVEL CARD WALLET KEEP CALM,-177
T-LIGHT GLASS FLUTED ANTIQUE,-177
FRIDGE MAGNETS LES ENFANTS ASSORTED,-176
HANGING HEART JAR T-LIGHT HOLDER,-175
60 TEATIME FAIRY CAKE CASES,-174
10 COLOUR SPACEBOY PEN,-172
KNICKERBOCKERGLORY MAGNET ASSORTED ,-169
BOX OF 6 MINI VINTAGE CRACKERS,-168
TEA PARTY BIRTHDAY CARD,-168
PINK HANGING HEART T-LIGHT HOLDER,-164
ASSTD FRUIT+FLOWERS FRIDGE MAGNETS,-163
36 PENCILS TUBE RED RETROSPOT,-160
LUNCH BAG SPACEBOY DESIGN ,-159
FELTCRAFT CUSHION OWL,-158
RETRO PLASTIC ELEPHANT TRAY,-158
SWEETHEART CERAMIC TRINKET BOX,-157
BAKING MOULD EASTER EGG MILK CHOC,-156
SET OF 3 CAKE TINS PANTRY DESIGN ,-154
BLUE CHARLIE+LOLA PERSONAL DOORSIGN,-152
LUNCH BAG PINK POLKADOT,-152
36 FOIL HEART CAKE CASES,-152
GARDENERS KNEELING PAD CUP OF TEA ,-152
RED SPOT CERAMIC DRAWER KNOB,-152
RECIPE BOX PANTRY YELLOW DESIGN,-151
CHARLOTTE BAG SUKI DESIGN,-150
POSTAGE,-147
GUMBALL COAT RACK,-147
RED FLORAL FELTCRAFT SHOULDER BAG,-145
PARTY CONE CHRISTMAS DECORATION ,-145
LUNCH BAG SUKI DESIGN ,-144
S/15 SILVER GLASS BAUBLES IN BAG,-144
FILIGREE HEART BIRD WHITE ,-144
CHRISTMAS GINGHAM STAR,-144
CHRISTMAS GINGHAM HEART,-144
GREEN REGENCY TEACUP AND SAUCER,-143
HOMEMADE JAM SCENTED CANDLES,-140
SMALL GLASS HEART TRINKET POT,-139
PINK REGENCY TEACUP AND SAUCER,-138
HEART OF WICKER SMALL,-135
JUMBO BAG PEARS,-134
SET/3 VANILLA SCENTED CANDLE IN BOX,-134
WOODEN STAR CHRISTMAS SCANDINAVIAN,-133
SET OF 72 RETROSPOT PAPER  DOILIES,-133
PACK OF 12 RED RETROSPOT TISSUES ,-132
MAGIC DRAWING SLATE PURDEY,-131
GLASS JAR MARMALADE ,-130
72 SWEETHEART FAIRY CAKE CASES,-130
EDWARDIAN PARASOL BLACK,-130
RIBBON REEL SNOWY VILLAGE,-130
SCOTTIE DOG HOT WATER BOTTLE,-129
CHOCOLATE HOT WATER BOTTLE,-128
3 TIER CAKE TIN RED AND CREAM,-128
TRAVEL CARD WALLET SKULLS,-128
LUNCH BAG  BLACK SKULL.,-128
HANGING JAM JAR T-LIGHT HOLDER,-126
COTTON APRON PANTRY DESIGN,-126
WRAP 50'S  CHRISTMAS,-125
SET 7 BABUSHKA NESTING BOXES,-124
HAND WARMER OWL DESIGN,-123
JUMBO BAG PAISLEY PARK,-122
HANGING METAL HEART LANTERN,-122
VINTAGE DOILY JUMBO BAG RED ,-121
VINTAGE RED TRIM ENAMEL BOWL ,-121
MIRROR MOSAIC HURRICANE LAMP ,-121
60 CAKE CASES DOLLY GIRL DESIGN,-120
JINGLE BELL HEART ANTIQUE SILVER,-120
12 PENCILS SMALL TUBE RED RETROSPOT,-120
MAGIC SHEEP WOOL GROWING FROM PAPER,-120
BLUE ROSE FABRIC MIRROR,-120
BAKING MOULD TOFFEE CUP CHOCOLATE,-120
GLITTER HANGING BUTTERFLY STRING,-120
ASSORTED TUTTI FRUTTI PEN,-118
JUMBO BAG SPACEBOY DESIGN,-118
SET OF TEA COFFEE SUGAR TINS PANTRY,-117
BOX OF 6 MINI 50'S CRACKERS,-116
JAM JAR WITH GREEN LID,-115
GARDENERS KNEELING PAD KEEP CALM ,-114
WOODLAND CHARLOTTE BAG,-112
SOLDIERS EGG CUP ,-112
BLUE POLKADOT COFFEE MUG,-111
HAND WARMER SCOTTY DOG DESIGN,-111
3 HOOK PHOTO SHELF ANTIQUE WHITE,-110
"FEATHER PEN,COAL BLACK",-110
SPOTTY BUNTING,-110
ROCKING HORSE RED CHRISTMAS ,-109
DINOSAUR KEYRINGS ASSORTED,-108
PIECE OF CAMO STATIONERY SET,-108
RABBIT NIGHT LIGHT,-108
POPART RECT PENCIL SHARPENER ASST,-108
SET/5 RED RETROSPOT LID GLASS BOWLS,-107
HEART DECORATION WITH PEARLS ,-105
GLASS JAR ENGLISH CONFECTIONERY,-104
MULTI COLOUR SILVER T-LIGHT HOLDER,-103
WHITE SPOT BLUE CERAMIC DRAWER KNOB,-103
LARGE CERAMIC TOP STORAGE JAR,-102
REGENCY TEA PLATE PINK,-102
METAL 4 HOOK HANGER FRENCH CHATEAU,-101
WOODEN HEART CHRISTMAS SCANDINAVIAN,-101
PACK OF 60 PINK PAISLEY CAKE CASES,-101
PAPERWEIGHT SAVE THE PLANET,-100
PICNIC BASKET WICKER LARGE,-100
CACTI T-LIGHT CANDLES,-98
REGENCY TEA PLATE GREEN ,-97
CARD CHRISTMAS VILLAGE,-96
SMALLFOLKART BAUBLE CHRISTMAS DEC,-96
BAKING MOULD HEART MILK CHOCOLATE,-96
HOT WATER BOTTLE KEEP CALM,-96
SET OF SALT AND PEPPER TOADSTOOLS,-96
ROLL WRAP 50'S CHRISTMAS,-96
WOODEN TREE CHRISTMAS SCANDINAVIAN,-96
PACK OF SIX LED TEA LIGHTS,-96
FAIRY CAKES NOTEBOOK A6 SIZE,-95
DANISH ROSE PHOTO FRAME,-95
CLASSIC GLASS COOKIE JAR,-93
IF YOU CAN'T STAND THE HEAT MUG,-91
PANTRY WASHING UP BRUSH,-91
SET OF 3 REGENCY CAKE TINS,-90
ASSORTED BOTTLE TOP  MAGNETS ,-90
SET OF 60 PANTRY DESIGN CAKE CASES ,-88
FAWN BLUE HOT WATER BOTTLE,-88
CHILDRENS CUTLERY SPACEBOY ,-88
REGENCY SUGAR BOWL GREEN,-88
COOK WITH WINE METAL SIGN ,-87
PLEASE ONE PERSON METAL SIGN,-87
BAG 125g SWIRLY MARBLES,-87
VINTAGE SNAP CARDS,-85
JAM JAR WITH PINK LID,-85
POTTING SHED TEA MUG,-85
RED STRIPE CERAMIC DRAWER KNOB,-84
"FEATHER PEN,LIGHT PINK",-84
CHILDS BREAKFAST SET DOLLY GIRL ,-84
PLASTERS IN TIN SKULLS,-84
MAGNETS PACK OF 4 SWALLOWS,-84
CHERUB HEART DECORATION SILVER ,-84
HOT WATER BOTTLE TEA AND SYMPATHY,-82
LUNCH BAG WOODLAND,-82
RETROSPOT PARTY BAG + STICKER SET,-82
PANTRY SCRUBBING BRUSH,-81
HYACINTH BULB T-LIGHT CANDLES,-81
RECIPE BOX RETROSPOT ,-81
REGENCY MILK JUG PINK ,-80
ASSORTED COLOUR BIRD ORNAMENT,-80
CHILLI LIGHTS,-80
BLUE STRIPE CERAMIC DRAWER KNOB,-80
TRAVEL CARD WALLET UNION JACK,-78
TRAVEL CARD WALLET FLOWER MEADOW,-78
SET OF 3 HANGING OWLS OLLIE BEAK,-77
MARIE ANTOINETTE TRINKET BOX GOLD,-76
CHRISTMAS LIGHTS 10 SANTAS ,-76
PAPER BUNTING WHITE LACE,-76
BOUDOIR SQUARE TISSUE BOX,-75
SET OF 3 BUTTERFLY COOKIE CUTTERS,-75
SPACEBOY GIFT WRAP,-75
PICNIC BASKET WICKER SMALL,-75
PANTRY ROLLING PIN,-75
STRAWBERRY CHARLOTTE BAG,-75
36 PENCILS TUBE WOODLAND,-75
WRAP ALPHABET DESIGN,-75
FRYING PAN UNION FLAG,-75
COFFEE MUG APPLES DESIGN,-74
HAND OVER THE CHOCOLATE   SIGN ,-74
LUNCH BAG VINTAGE LEAF DESIGN,-73
ZINC FOLKART SLEIGH BELLS,-73
EAU DE NILE JEWELLED PHOTOFRAME,-73
GROW A FLYTRAP OR SUNFLOWER IN TIN,-72
SET OF 3 HEART COOKIE CUTTERS,-72
HOT BATHS METAL SIGN,-72
BAKING MOULD ROSE MILK CHOCOLATE,-72
BAKING MOULD ROSE WHITE CHOCOLATE,-72
PAPER BUNTING RETROSPOT,-72
PACK OF 6 SMALL FRUIT STRAWS,-72
SET/10 RED POLKADOT PARTY CANDLES,-72
WHITE HEART CONFETTI IN TUBE,-72
MARIE ANTOINETTE TRINKET BOX SILVER,-72
"FEATHER PEN,HOT PINK",-72
PACK OF 60 DINOSAUR CAKE CASES,-71
CINDERELLA CHANDELIER ,-71
ALARM CLOCK BAKELIKE RED ,-71
ANGEL DECORATION STARS ON DRESS,-70
MINI CAKE STAND WITH HANGING CAKES,-69
JIGSAW TREE WITH BIRDHOUSE,-69
BLUE SPOT CERAMIC DRAWER KNOB,-69
SWEETHEART CAKESTAND 3 TIER,-69
COLOUR GLASS T-LIGHT HOLDER HANGING,-69
6 ROCKET BALLOONS ,-68
SET OF 4 PANTRY JELLY MOULDS,-68
HEART OF WICKER LARGE,-68
BAKING SET 9 PIECE RETROSPOT ,-68
SMALL PINK GLASS SUNDAE DISH,-68
NATURAL SLATE CHALKBOARD LARGE ,-68
RED  HARMONICA IN BOX ,-67
RED WOOLLY HOTTIE WHITE HEART.,-67
GLASS JAR DIGESTIVE BISCUITS,-67
CHARLIE + LOLA RED HOT WATER BOTTLE,-66
DOORMAT RED RETROSPOT,-66
PLASTERS IN TIN CIRCUS PARADE ,-66
VINTAGE DOILY DELUXE SEWING KIT ,-65
RED RETROSPOT TISSUE BOX,-65
JIGSAW TOADSTOOLS 3 PIECE,-64
GLASS CLOCHE SMALL,-64
RECYCLING BAG RETROSPOT ,-64
SET OF 60 I LOVE LONDON CAKE CASES ,-64
PANTRY MAGNETIC  SHOPPING LIST,-64
SET OF 10 LED DOLLY LIGHTS,-64
SET 6 PAPER TABLE LANTERN STARS ,-63
LARGE WHITE HEART OF WICKER,-63
DAIRY MAID TOASTRACK,-61
ADVENT CALENDAR GINGHAM SACK,-61
SET OF 36 PAISLEY FLOWER DOILIES,-61
VICTORIAN SEWING BOX LARGE,-61
SET OF 4 JAM JAR MAGNETS,-61
PINK METAL CHICKEN HEART ,-60
DOUGHNUT LIP GLOSS ,-60
SPRIG LAVENDER ARTIFICIAL FLOWER,-60
SAMPLES,-60
PACK OF 12 PINK PAISLEY TISSUES ,-60
SLEEPING CAT ERASERS,-60
6 GIFT TAGS 50'S CHRISTMAS ,-60
ASSTD DESIGN 3D PAPER STICKERS,-60
PINK BABY BUNTING,-60
CUPCAKE LACE PAPER SET 6,-60
SET OF 5 LUCKY CAT MAGNETS ,-60
HEART WREATH DECORATION WITH BELL,-60
CARDHOLDER GINGHAM CHRISTMAS TREE,-59
WHITE SPOT RED CERAMIC DRAWER KNOB,-59
LUNCH BAG APPLE DESIGN,-59
CHRISTMAS HANGING STAR WITH BELL,-59
REINDEER HEART DECORATION SILVER,-58
VINTAGE RED ENAMEL TRIM MUG ,-58
SET OF 6 KASHMIR FOLKART BAUBLES,-58
EDWARDIAN PARASOL NATURAL,-57
RED HANGING HEART T-LIGHT HOLDER,-57
PAPER CHAIN KIT RETROSPOT,-56
PARTY CONES CANDY ASSORTED,-56
POLKADOT COFFEE CUP & SAUCER PINK,-56
PAPER BUNTING COLOURED LACE,-56
RED RETROSPOT PICNIC BAG,-56
PIGGY BANK RETROSPOT ,-55
VINTAGE RED ENAMEL TRIM PLATE,-55
RED RETROSPOT PUDDING BOWL,-55
REGENCY SUGAR TONGS,-55
PHOTO FRAME 3 CLASSIC HANGING,-55
SET OF 6 T-LIGHTS SNOWMEN,-54
SPACEBOY LUNCH BOX ,-54
COSY HOUR CIGAR BOX MATCHES ,-54
COLOURED GLASS STAR T-LIGHT HOLDER,-54
CLASSIC CAFE SUGAR DISPENSER,-54
RED STAR CARD HOLDER,-53
PHOTO FRAME CORNICE,-53
HAND WARMER BIRD DESIGN,-53
REGENCY TEAPOT ROSES ,-52
DAIRY MAID STRIPE MUG,-52
BLUE PARTY BAGS ,-52
DOORMAT MERRY CHRISTMAS RED ,-52
NATURAL SLATE HEART CHALKBOARD ,-52
WICKER STAR ,-52
PACK OF 20 NAPKINS PANTRY DESIGN,-52
PIG KEYRING WITH LIGHT & SOUND ,-52
RED RETROSPOT CUP,-51
FUNKY DIVA PEN,-51
PARISIENNE KEY CABINET ,-51
TRADITIONAL KNITTING NANCY,-51
RED VINTAGE SPOT BEAKER,-51
CHRISTMAS LIGHTS 10 REINDEER,-51
WRAP I LOVE LONDON ,-50
WRAP RED APPLES ,-50
VINTAGE CARAVAN GIFT WRAP,-50
ALARM CLOCK BAKELIKE IVORY,-50
STRAWBERRY BATH SPONGE ,-50
CERAMIC CAKE STAND + HANGING CAKES,-50
PINK HEARTS PAPER GARLAND,-50
RED BABY BUNTING ,-50
RED RETROSPOT WRAP ,-50
WRAP CIRCUS PARADE,-50
TRIPLE HOOK ANTIQUE IVORY ROSE,-50
WHITE SAGE INCENSE,-50
TRAVEL CARD WALLET SUKI,-49
RED SPOTTY BISCUIT TIN,-49
FAIRY CAKE BIRTHDAY CANDLE SET,-49
SET/10 BLUE POLKADOT PARTY CANDLES,-49
BLUE VINTAGE SPOT BEAKER,-49
BLUE NEW BAROQUE CANDLESTICK CANDLE,-49
SET/10 PINK POLKADOT PARTY CANDLES,-49
GUMBALL MAGAZINE RACK,-49
FELT EGG COSY LADYBIRD ,-49
BLUE  VOILE LAMPSHADE,-48
ORANGE VOTIVE CANDLE,-48
MAGIC DRAWING SLATE DINOSAUR,-48
SET OF 4 SANTA PLACE SETTINGS,-48
CHICK GREY HOT WATER BOTTLE,-48
ASSORTED CREEPY CRAWLIES,-48
ICE CREAM PEN LIP GLOSS ,-48
PINK  HEART CONFETTI IN TUBE,-48
PACK OF 72 SKULL CAKE CASES,-48
STAR DECORATION RUSTIC,-48
MAGIC DRAWING SLATE BUNNIES ,-48
PINK/BLUE DISC/MIRROR STRING,-48
WOOD STAMP SET FLOWERS,-48
HOUSE SHAPE PENCIL SHARPENER,-48
CERAMIC PLATE STRAWBERRY DESIGN,-48
FAIRY CAKES NOTEBOOK A7 SIZE,-48
FELTCRAFT HAIRBAND PINK AND BLUE,-48
FILIGREE HEART DAISY WHITE,-48
ALARM CLOCK BAKELIKE CHOCOLATE,-48
HANGING HEART WITH BELL,-48
SET OF 3 WOODEN HEART DECORATIONS,-47
HANGING QUILTED PATCHWORK APPLES,-47
PACK OF 60 SPACEBOY CAKE CASES,-46
DRAWER KNOB CRACKLE GLAZE IVORY,-46
TRADITIONAL WOODEN SKIPPING ROPE,-46
BISCUIT TIN 50'S CHRISTMAS,-46
PACK OF 6 BIRDY GIFT TAGS,-45
CERAMIC CAKE DESIGN SPOTTED MUG,-45
CAKE STAND 3 TIER MAGIC GARDEN,-45
ABC TREASURE BOOK BOX ,-45
ANTIQUE GLASS DRESSING TABLE POT,-45
BREAD BIN DINER STYLE IVORY,-44
CHRISTMAS CRAFT LITTLE FRIENDS,-44
POLYESTER FILLER PAD 40x40cm,-44
SMALL POPCORN HOLDER,-44
ZINC T-LIGHT HOLDER STARS SMALL,-44
FIRST AID TIN,-43
LARGE POPCORN HOLDER ,-43
MINI JIGSAW SPACEBOY,-43
"KEY FOB , GARAGE DESIGN",-43
POTTERING MUG,-42
CREAM CUPID HEARTS COAT HANGER,-42
RED GINGHAM ROSE JEWELLERY BOX,-42
MIRRORED DISCO BALL ,-42
OVEN MITT APPLES DESIGN,-42
ENAMEL FLOWER JUG CREAM,-42
VINTAGE BILLBOARD LOVE/HATE MUG,-42
CLOTHES PEGS RETROSPOT PACK 24 ,-42
RETROSPOT TEA SET CERAMIC 11 PC ,-42
ALARM CLOCK BAKELIKE PINK,-41
CREAM SWEETHEART MINI CHEST,-41
ALARM CLOCK BAKELIKE GREEN,-41
LANTERN CREAM GAZEBO ,-41
3 DRAWER ANTIQUE WHITE WOOD CABINET,-41
PASTEL COLOUR HONEYCOMB FAN,-41
SET/3 RED GINGHAM ROSE STORAGE BOX,-41
CHILDS BREAKFAST SET SPACEBOY ,-41
PAPER CHAIN KIT EMPIRE,-41
15CM CHRISTMAS GLASS BALL 20 LIGHTS,-41
ROUND SNACK BOXES SET OF4 WOODLAND ,-40
RETROSPOT WOODEN HEART DECORATION,-40
"BLACK TEA,COFFEE,SUGAR JARS",-40
"METAL SIGN,CUPCAKE SINGLE HOOK",-40
EMERGENCY FIRST AID TIN ,-40
RIBBON REEL CHRISTMAS PRESENT ,-40
STRAWBERRY FAIRY CAKE TEAPOT,-40
T-LIGHT HOLDER HANGING LACE,-40
DECORATION SITTING BUNNY,-39
WHITE METAL LANTERN,-39
BLUE/CREAM STRIPE CUSHION COVER ,-39
GOLD MUG BONE CHINA TREE OF LIFE,-39
SMALL WHITE HEART OF WICKER,-39
TRAVEL CARD WALLET TRANSPORT,-39
RETROSPOT CHILDRENS APRON,-39
CHRISTMAS TOILET ROLL,-39
SMALL GLASS SUNDAE DISH CLEAR,-39
"RECORD FRAME 7"" SINGLE SIZE ",-38
NO SINGING METAL SIGN,-38
HOT STUFF HOT WATER BOTTLE,-38
3 TRADITIONAl BISCUIT CUTTERS  SET,-38
"WHITE TEA,COFFEE,SUGAR JARS",-38
TOY TIDY SPACEBOY  ,-37
DANISH ROSE DECORATIVE PLATE,-37
HOT WATER BOTTLE BABUSHKA ,-37
SILVER T-LIGHT SETTING,-37
GYMKHANA TREASURE BOOK BOX,-37
FRENCH STYLE STORAGE JAR BONBONS,-37
PACK OF 12 SPACEBOY TISSUES,-37
HANGING BAUBLE T-LIGHT HOLDER SMALL,-36
HANGING RIDGE GLASS T-LIGHT HOLDER,-36
SET/6 COLLAGE PAPER PLATES,-36
GIN & TONIC DIET GREETING CARD ,-36
PACK OF 6 LARGE FRUIT STRAWS ,-36
CHRISTMAS DECOUPAGE CANDLE,-36
ASS FLORAL PRINT MULTI SCREWDRIVER,-36
PENS ASSORTED SPACEBALL,-36
CERAMIC CAKE BOWL + HANGING CAKES,-36
BLUE  DIAMANTE PEN IN GIFT BOX,-36
LUNCH BAG VINTAGE DOILY ,-36
SET OF 6 HALLOWEEN GHOST T-LIGHTS,-36
CRYSTAL STUD EARRINGS ASSORTED COL ,-36
BLUE POLKADOT CUP,-36
PACK OF 12 VINTAGE DOILY TISSUES,-36
BLUE HARMONICA IN BOX ,-36
SET OF 3 COLOURED  FLYING DUCKS,-36
CHRISTMAS TREE DECORATION WITH BELL,-36
FAMILY PHOTO FRAME CORNICE,-36
RETROSPOT CANDLE  SMALL,-36
HOME GARLAND PAINTED ZINC ,-36
VINTAGE HEADS AND TAILS CARD GAME ,-36
CRYSTAL STUD EARRINGS CLEAR DISPLAY,-36
KNEELING MAT HOUSEWORK  DESIGN,-36
BIG DOUGHNUT FRIDGE MAGNETS,-36
RED RETROSPOT PLATE ,-35
RED RETROSPOT SHOPPER BAG,-35
SET3 BOOK BOX GREEN GINGHAM FLOWER ,-35
NATURAL SLATE RECTANGLE CHALKBOARD,-35
TRIPLE PHOTO FRAME CORNICE ,-35
CHILDRENS APRON SPACEBOY DESIGN,-35
ZINC METAL HEART DECORATION,-35
SET/4 WHITE RETRO STORAGE CUBES ,-35
RUSTIC STRAWBERRY JAM POT LARGE ,-35
PINK DOUGHNUT TRINKET POT ,-35
CHILDREN'S SPACEBOY MUG,-34
RED RETROSPOT TRADITIONAL TEAPOT ,-34
CHRISTMAS LIGHTS 10 VINTAGE BAUBLES,-34
HEART FILIGREE DOVE  SMALL,-34
6 RIBBONS RUSTIC CHARM,-34
FELTCRAFT CHRISTMAS FAIRY,-34
TEA PARTY  WRAPPING PAPER ,-34
PARLOUR CERAMIC WALL HOOK,-34
MUSICAL ZINC HEART DECORATION ,-34
5 HOOK HANGER MAGIC TOADSTOOL,-34
I LOVE LONDON BEAKER,-34
GLASS JAR PEACOCK BATH SALTS,-33
PARISIENNE CURIO CABINET,-33
CIRCUS PARADE LUNCH BOX ,-33
TWO DOOR CURIO CABINET,-33
SET OF 10 LANTERNS FAIRY LIGHT STAR,-33
FULL ENGLISH BREAKFAST PLATE,-33
ENAMEL MEASURING JUG CREAM,-33
VINTAGE RED ENAMEL TRIM JUG ,-33
DELUXE SEWING KIT ,-33
SCANDINAVIAN PAISLEY PICNIC BAG,-33
EASTER TIN BUNNY BOUQUET,-32
ENGLISH ROSE NOTEBOOK A7 SIZE,-32
FAMILY ALBUM WHITE PICTURE FRAME,-32
GROW YOUR OWN PLANT IN A CAN ,-32
SPACEBOY TV DINNER TRAY,-32
LARGE PINK GLASS SUNDAE DISH,-32
RETROSPOT LARGE MILK JUG,-32
AMAZON FEE,-32
GLASS  BEURRE DISH,-32
ANTIQUE SILVER TEA GLASS ENGRAVED,-32
SET OF 12 FAIRY CAKE BAKING CASES,-32
RED RETROSPOT SMALL MILK JUG,-32
BOX OF 24 COCKTAIL PARASOLS,-31
GLASS HEART T-LIGHT HOLDER ,-31
CHRISTMAS TREE PAINTED ZINC ,-31
CERAMIC STRAWBERRY CAKE MONEY BANK,-31
ALARM CLOCK BAKELIKE ORANGE,-31
TEA FOR ONE POLKADOT,-30
BLACK CANDELABRA T-LIGHT HOLDER,-30
TRAVEL CARD WALLET RETROSPOT,-30
SET OF 3 BLACK FLYING DUCKS,-30
TEA TIME OVEN GLOVE,-30
SMALL BONNE JAM JAR  T-LIGHT HOLDER,-30
SET OF 6 T-LIGHTS SANTA,-30
RIBBON REEL HEARTS DESIGN ,-30
SET OF 6 SPICE TINS PANTRY DESIGN,-30
SET OF 6 RIBBONS VINTAGE CHRISTMAS,-30
GLITTER HEART GARLAND WITH BELLS ,-30
BUTTON BOX ,-30
FRENCH BLUE METAL DOOR SIGN 5,-30
CLEAR DRAWER KNOB ACRYLIC EDWARDIAN,-30
CAMOUFLAGE LED TORCH,-30
PACK OF 60 MUSHROOM CAKE CASES,-29
BAKING SET SPACEBOY DESIGN,-29
WOOD S/3 CABINET ANT WHITE FINISH,-29
CHILDS BREAKFAST SET CIRCUS PARADE,-29
PLASTERS IN TIN SPACEBOY,-29
HOME SWEET HOME BLACKBOARD,-29
HAND WARMER RED RETROSPOT,-29
NOVELTY BISCUITS CAKE STAND 3 TIER,-29
HANGING SPRING FLOWER EGG SMALL,-29
SMALL HEART MEASURING SPOONS,-29
PLASTERS IN TIN WOODLAND ANIMALS,-29
ENCHANTED BIRD COATHANGER 5 HOOK,-29
RETRO PLASTIC POLKA TRAY,-28
DRAWER KNOB CRACKLE GLAZE GREEN,-28
SET 6 PAPER TABLE LANTERN HEARTS ,-28
TOADSTOOL MONEY BOX,-28
PURPLE DRAWERKNOB ACRYLIC EDWARDIAN,-28
CLASSIC METAL BIRDCAGE PLANT HOLDER,-28
HANGING SPRING FLOWER EGG LARGE,-28
RED 3 PIECE RETROSPOT CUTLERY SET,-28
CHARLIE+LOLA PINK HOT WATER BOTTLE,-28
FRENCH ENAMEL CANDLEHOLDER,-28
SET OF 4 KNICK KNACK TINS POPPIES,-28
JINGLE BELL HEART DECORATION,-28
VINTAGE CREAM DOG FOOD CONTAINER,-28
CHRISTMAS RETROSPOT STAR WOOD,-28
STORAGE TIN VINTAGE DOILY ,-28
KINGS CHOICE MUG,-28
VINTAGE UNION JACK BUNTING,-28
ENAMEL BREAD BIN CREAM,-28
ICE CREAM SUNDAE LIP GLOSS,-28
FRENCH KITCHEN SIGN BLUE METAL,-27
VINTAGE RED TEATIME MUG,-27
TOY TIDY PINK POLKADOT,-27
DOORMAT AIRMAIL ,-27
GREY HEART HOT WATER BOTTLE,-27
PLASTERS IN TIN VINTAGE PAISLEY ,-27
SET OF 4 KNICK KNACK TINS DOILY ,-27
SNOWSTORM PHOTO FRAME FRIDGE MAGNET,-27
PINK SMALL GLASS CAKE STAND,-27
HANGING METAL STAR LANTERN,-27
SET/4 BIRD MIRROR MAGNETS ,-27
SET OF 6 TEA TIME BAKING CASES,-27
TREASURE TIN BUFFALO BILL ,-27
WRAP VINTAGE LEAF DESIGN,-26
SANDALWOOD FAN,-26
HAND WARMER UNION JACK,-26
I CAN ONLY PLEASE ONE PERSON MUG,-26
BREAD BIN DINER STYLE RED ,-26
OFFICE MUG WARMER POLKADOT,-26
PINK HAPPY BIRTHDAY BUNTING,-26
CHOCOLATE THIS WAY METAL SIGN,-26
WOODEN BOX OF DOMINOES,-26
TRAVEL CARD WALLET VINTAGE TICKET,-26
LOVEBIRD HANGING DECORATION WHITE ,-26
20 DOLLY PEGS RETROSPOT,-26
SET 40 HEART SHAPE PETIT FOUR CASES,-26
SET 3 PAPER VINTAGE CHICK PAPER EGG,-26
CHRISTMAS STAR WISH LIST CHALKBOARD,-25
PINK 3 PIECE POLKADOT CUTLERY SET,-25
WRAP CHRISTMAS SCREEN PRINT,-25
3 HEARTS HANGING DECORATION RUSTIC,-25
SET OF 5 PANCAKE DAY MAGNETS,-25
WOODEN OWLS LIGHT GARLAND ,-25
LIGHT GARLAND BUTTERFILES PINK,-25
CARD DOLLY GIRL ,-25
BIRTHDAY BANQUET GIFT WRAP,-25
SKETCHBOOK MAGNETIC SHOPPING LIST,-25
EMPIRE GIFT WRAP,-25
SKULLS AND CROSSBONES WRAP,-25
MINI WOODEN HAPPY BIRTHDAY GARLAND,-25
Bank Charges,-25
ASSORTED TUTTI FRUTTI HEART BOX,-25
BOTANICAL LILY GIFT WRAP,-25
HANGING HEART ZINC T-LIGHT HOLDER,-25
WRAP VINTAGE PETALS  DESIGN,-25
WRAP ENGLISH ROSE ,-25
WRAP GINGHAM ROSE ,-25
WRAP GREEN PEARS ,-25
WRAP POPPIES  DESIGN,-25
WRAP SUKI AND FRIENDS,-25
WRAP DOLLY GIRL,-25
WRAP COWBOYS  ,-25
GRAND CHOCOLATECANDLE,-25
WHITE WOOD GARDEN PLANT LADDER,-25
PINK PAISLEY ROSE GIFT WRAP,-25
VINTAGE BEAD PINK PURSE ,-25
CHOCOLATE CALCULATOR,-25
HEART STRING MEMO HOLDER HANGING,-25
12 PENCILS TALL TUBE POSY,-24
SET/10 IVORY POLKADOT PARTY CANDLES,-24
SET/3 CHRISTMAS DECOUPAGE CANDLES,-24
MAGIC DRAWING SLATE BAKE A CAKE ,-24
PSYCHEDELIC TILE COASTER,-24
CARD CAT AND TREE ,-24
SPACEBOY ROCKET LOLLY MAKERS,-24
RED DINER WALL CLOCK,-24
MAGNETS PACK OF 4 CHILDHOOD MEMORY,-24
CHRISTMAS TREE HANGING GOLD,-24
SKULLS PARTY BAG + STICKER SET,-24
RED KITCHEN SCALES,-24
SET OF 3 NOTEBOOKS IN PARCEL,-24
STRIPEY CHOCOLATE NESTING BOXES,-24
MAGIC DRAWING SLATE DOLLY GIRL ,-24
RETROSPOT CANDLE  MEDIUM,-24
TOTE BAG I LOVE LONDON,-24
ASSORTED TUTTI FRUTTI ROUND BOX,-24
CERAMIC STRAWBERRY DESIGN MUG,-24
FRENCH BLUE METAL DOOR SIGN No,-24
JUNGLE POPSICLES ICE LOLLY MOULDS,-24
FOLKART STAR CHRISTMAS DECORATIONS,-24
FOUR HOOK  WHITE LOVEBIRDS,-24
FOLKART HEART NAPKIN RINGS,-24
COFFEE MUG CAT + BIRD DESIGN,-24
LARGE WHITE/PINK ROSE ART FLOWER,-24
SET OF 2 CHRISTMAS DECOUPAGE CANDLE,-24
PINK CREAM FELT CRAFT TRINKET BOX ,-24
CHRISTMAS MUSICAL ZINC STAR,-24
SET OF 5 MINI GROCERY MAGNETS,-24
SET OF 4 PISTACHIO LOVEBIRD COASTER,-24
SET 2 PANTRY DESIGN TEA TOWELS,-24
SET 12 RETRO WHITE CHALK STICKS,-24
SET/6 COLLAGE PAPER CUPS,-24
PARISIENNE SEWING BOX,-24
ASSORTED SHAPES PHOTO CLIP SILVER ,-24
RED ROCKING HORSE HAND PAINTED,-24
WOOD BLACK BOARD ANT WHITE FINISH,-24
PAINTED METAL STAR WITH HOLLY BELLS,-24
PACK OF 12 BLUE PAISLEY TISSUES ,-24
PACK OF 12 LONDON TISSUES ,-24
HEART DECORATION RUSTIC HANGING ,-24
ROLL WRAP VINTAGE CHRISTMAS,-24
SMALL HANGING IVORY/RED WOOD BIRD,-24
6 GIFT TAGS VINTAGE CHRISTMAS ,-24
SWEETHEART 3 TIER CAKE STAND ,-24
MOODY GIRL DOOR HANGER ,-24
ROLL WRAP VINTAGE SPOT ,-24
PACK OF 12 VINTAGE CHRISTMAS TISSUE,-24
PARISIENNE JEWELLERY DRAWER ,-24
HANGING CHICK CREAM DECORATION,-24
ASSORTED TUTTI FRUTTI BRACELET,-24
PAPER LANTERN 9 POINT SNOW STAR,-24
BLUE HAPPY BIRTHDAY BUNTING,-24
PANTRY PASTRY BRUSH,-24
RED RETROSPOT BUTTER DISH,-23
SET OF 4 KNICK KNACK TINS DOILEY ,-23
PACK OF 12 CHRISTMAS FUN CARDS,-23
CHILDRENS TOY COOKING UTENSIL SET,-23
RETRO COFFEE MUGS ASSORTED,-23
MINI CAKE STAND  HANGING STRAWBERY,-23
DOORMAT TOPIARY,-23
DOVE DECORATION PAINTED ZINC ,-23
SAVOY ART DECO CLOCK,-23
HANGING  BUTTERFLY T-LIGHT HOLDER,-22
GIN AND TONIC MUG,-22
STRAWBERRY SHOPPER BAG,-22
DOORSTOP RETROSPOT HEART,-22
VINTAGE UNION JACK PENNANT,-22
STRAWBERRY CERAMIC TRINKET POT,-22
CHILDREN'S CIRCUS PARADE MUG,-22
BLACK AND WHITE DOG BOWL,-22
HOT BATHS SOAP HOLDER,-22
RED POLKADOT BEAKER ,-22
RED RETROSPOT BOWL,-22
CAKE STAND LOVEBIRD 2 TIER WHITE,-22
JUMBO BAG TOYS ,-22
JUMBO BAG DOILEY PATTERNS,-22
KIDS RAIN MAC BLUE,-22
POLKADOT RAIN HAT ,-22
RECIPE BOX BLUE SKETCHBOOK DESIGN,-22
CHRISTMAS PUDDING TRINKET POT ,-22
SET 3 SONG BIRD PAPER EGGS ASSORTED,-22
PLASTERS IN TIN STRONGMAN,-21
REX CASH+CARRY JUMBO SHOPPER,-21
SPACEBOY CHILDRENS CUP,-21
STAR DECORATION PAINTED ZINC ,-21
MINI CAKE STAND T-LIGHT HOLDER,-21
TOILET METAL SIGN,-21
HOME SWEET HOME CUSHION COVER ,-21
CHARLIE LOLA BLUE HOT WATER BOTTLE ,-21
PIZZA PLATE IN BOX,-21
BLUE DINER WALL CLOCK,-21
PINK  POLKADOT CUP,-21
PICNIC BOXES SET OF 3 RETROSPOT ,-21
ASSORTED EASTER DECORATIONS  BELLS,-21
JIGSAW RABBIT AND BIRDHOUSE,-21
MULTICOLOUR  CONFETTI IN TUBE,-21
SET 10 NIGHT OWL LIGHTS,-21
MA CAMPAGNE CUTLERY BOX,-21
AGED GLASS SILVER T-LIGHT HOLDER,-21
MILK MAIDS MUG ,-20
COOKING SET RETROSPOT,-20
BUNNY EGG GARLAND,-20
LARGE STRIPES CHOCOLATE GIFT BAG,-20
RETROSPOT LAMP,-20
TREASURE ISLAND BOOK BOX,-20
RETROSPOT HEART HOT WATER BOTTLE,-20
BUFFALO BILL TREASURE BOOK BOX,-20
ENAMEL WATERING CAN CREAM,-20
CHARLIE+LOLA RED HOT WATER BOTTLE ,-20
RED RETROSPOT CHILDRENS UMBRELLA,-20
BAG 500g SWIRLY MARBLES,-20
ICE CREAM BUBBLES,-20
ROSE COTTAGE KEEPSAKE BOX ,-20
CHILDRENS DOLLY GIRL MUG,-20
HOME BUILDING BLOCK WORD,-20
CHILDRENS CUTLERY DOLLY GIRL ,-20
UNION JACK FLAG PASSPORT COVER ,-20
ROUND CAKE TIN VINTAGE RED,-20
CITRONELLA CANDLE GARDEN POT,-20
DRAWER KNOB CRACKLE GLAZE PINK,-20
RED RETROSPOT MUG,-20
PAPER LANTERN 5 POINT STAR MOON ,-20
DECORATION  PINK CHICK MAGIC GARDEN,-20
12 COLOURED PARTY BALLOONS,-20
3 ROSE MORRIS BOXED CANDLES,-20
PINK NEW BAROQUECANDLESTICK CANDLE,-20
MULTICOLOUR 3D BALLS GARLAND,-20
KIDS RAIN MAC PINK,-20
METAL SIGN CUPCAKE SINGLE HOOK,-20
RIBBON REEL STRIPES DESIGN ,-20
MINI LIGHTS WOODLAND MUSHROOMS,-20
SQUARE CHERRY BLOSSOM CABINET,-20
RED RETROSPOT TEA CUP AND SAUCER ,-19
ANTIQUE SILVER TEA GLASS ETCHED,-19
SET/4 DAISY MIRROR MAGNETS,-19
BISCUIT TIN VINTAGE RED,-19
CABIN BAG VINTAGE PAISLEY,-19
WHITE BAMBOO RIBS LAMPSHADE,-19
AREA PATROLLED METAL SIGN,-19
12 PENCILS TALL TUBE WOODLAND,-19
PICTURE FRAME WOOD TRIPLE PORTRAIT,-19
ANTIQUE GLASS PEDESTAL BOWL,-19
EMBOSSED GLASS TEALIGHT HOLDER,-19
MULTICOLOUR HONEYCOMB FAN,-19
SET OF 6 T-LIGHTS EASTER CHICKS,-18
KINGS CHOICE BISCUIT TIN,-18
GREEN VINTAGE SPOT BEAKER,-18
CUPBOARD 3 DRAWER MA CAMPAGNE,-18
METAL SIGN TAKE IT OR LEAVE IT ,-18
ROCOCO WALL MIRROR WHITE,-18
YOU'RE CONFUSING ME METAL SIGN ,-18
BALLOON PUMP WITH 10 BALLOONS,-18
PEG BAG APPLES DESIGN,-18
PARTY PIZZA DISH RED RETROSPOT,-18
VINTAGE UNION JACK CUSHION COVER,-18
RUSTIC STRAWBERRY JAM POT SMALL,-18
PARTY PIZZA DISH BLUE POLKADOT,-18
BOTANICAL GARDENS WALL CLOCK ,-18
LUNCH BAG DOLLY GIRL DESIGN,-17
IVORY KITCHEN SCALES,-17
ROSE FOLKART HEART DECORATIONS,-17
ROUND CONTAINER SET OF 5 RETROSPOT,-17
PHARMACIE FIRST AID TIN,-17
S/4 PINK FLOWER CANDLES IN BOWL,-17
GLASS CHALICE BLUE SMALL ,-17
BOX OF 6 CHRISTMAS CAKE DECORATIONS,-17
SWEETHEART RECIPE BOOK STAND,-17
WOODEN ADVENT CALENDAR CREAM,-17
SILVER MUG BONE CHINA TREE OF LIFE,-17
SET/20 RED RETROSPOT PAPER NAPKINS ,-17
CERAMIC CAKE DESIGN SPOTTED PLATE,-17
POPPY'S PLAYHOUSE KITCHEN,-17
CERAMIC HEART FAIRY CAKE MONEY BANK,-17
FAIRY TALE COTTAGE NIGHT LIGHT,-17
CHERRY BLOSSOM  DECORATIVE FLASK,-16
STRAWBERRY   PICNIC BAG,-16
HENRIETTA HEN MUG ,-16
VICTORIAN SEWING BOX SMALL ,-16
HELLO SAILOR BLUE SOAP HOLDER,-16
HEART CALCULATOR,-16
SEWING BOX RETROSPOT DESIGN ,-16
BOX OF VINTAGE JIGSAW BLOCKS ,-16
36 PENCILS TUBE SKULLS,-16
CHRISTMAS CRAFT TREE TOP ANGEL,-16
RED SPOT PAPER GIFT BAG,-16
CITRONELLA CANDLE FLOWERPOT,-16
3 HOOK HANGER MAGIC GARDEN,-16
SET 12 KIDS COLOUR  CHALK STICKS,-16
GLAMOROUS  MUG,-16
PINK DOG BOWL,-16
SET 36 COLOUR PENCILS DOLLY GIRL,-16
WOODEN BOX ADVENT CALENDAR ,-16
SET 12 COLOUR PENCILS SPACEBOY ,-16
RED DRAWER KNOB ACRYLIC EDWARDIAN,-16
FELTCRAFT GIRL AMELIE KIT,-16
CRUK Commission,-16
SMALL DOLLY MIX DESIGN ORANGE BOWL,-16
BIRDHOUSE DECORATION MAGIC GARDEN,-16
FRENCH BATHROOM SIGN BLUE METAL,-16
WALL ART DOG LICENCE ,-16
LUNCH BOX WITH CUTLERY RETROSPOT ,-16
"SET 3 RETROSPOT TEA,COFFEE,SUGAR",-16
ZINC  STAR T-LIGHT HOLDER ,-16
JIGSAW TREE WITH WATERING CAN,-16
SET OF 4 KNICK KNACK TINS LONDON ,-16
NATURAL HANGING QUILTED HEARTS ,-16
LARGE CAKE STAND  HANGING STRAWBERY,-16
LONDON BUS COFFEE MUG,-16
BISCUIT TIN VINTAGE CHRISTMAS,-16
QUEENS GUARD COFFEE MUG,-16
LARGE CAKE STAND HANGING HEARTS,-16
SMALL MARSHMALLOWS PINK BOWL,-16
BLACK DIAMANTE EXPANDABLE RING,-16
PACK 3 BOXES CHRISTMAS PANNETONE,-15
SET OF 3 WOODEN TREE DECORATIONS,-15
MINT KITCHEN SCALES,-15
SET OF 36 TEATIME PAPER DOILIES,-15
SINGLE ANTIQUE ROSE HOOK IVORY,-15
SILVER ROCOCO CANDLE STICK,-15
VINTAGE CHRISTMAS STOCKING ,-15
SCANDINAVIAN REDS RIBBONS,-15
BLACK RECORD COVER FRAME,-15
ROUND SNACK BOXES SET OF 4 SKULLS,-15
BLUE POLKADOT PLATE ,-15
BLUE ROSE PATCH PURSE PINK BUTTERFL,-15
IVORY GIANT GARDEN THERMOMETER,-15
EASTER CRAFT 4 CHICKS ,-15
EASTER TIN CHICKS PINK DAISY,-15
TRAVEL SEWING KIT,-15
BINGO SET,-15
VINTAGE CHRISTMAS GIFT BAG LARGE ,-15
SMALL RED RETROSPOT WINDMILL,-15
ZINC  HEART T-LIGHT HOLDER,-15
BREAD BIN DINER STYLE MINT,-15
GLASS BON BON JAR,-15
RED RETROSPOT SUGAR JAM BOWL,-15
BLUE POT PLANT CANDLE ,-15
RED/CREAM STRIPE CUSHION COVER ,-14
HOME SMALL WOOD LETTERS,-14
TOADSTOOL BEDSIDE LIGHT ,-14
CHOCOLATE BOX RIBBONS ,-14
3D CHRISTMAS STAMPS STICKERS ,-14
PINK HEART SHAPE EGG FRYING PAN,-14
TOILET SIGN OCCUPIED OR VACANT,-14
PACK OF 6 PANETTONE GIFT BOXES,-14
PHOTO FRAME LINEN AND LACE SMALL,-14
BLUE PATCH PURSE PINK HEART,-14
APRON APPLE DELIGHT,-14
3 PIECE SPACEBOY COOKIE CUTTER SET,-14
GLASS STAR FROSTED T-LIGHT HOLDER,-14
3 TIER CAKE TIN GREEN AND CREAM,-14
STORAGE TIN VINTAGE LEAF,-14
GARLAND WITH HEARTS AND BELLS,-14
CHERUB HEART DECORATION GOLD,-14
AIRLINE BAG VINTAGE TOKYO 78,-14
WATERING CAN PINK BUNNY,-14
SET OF 4 KNICK KNACK TINS LEAF,-14
RECTANGULAR SHAPED MIRROR,-14
GREEN GIANT GARDEN THERMOMETER,-14
VINTAGE CREAM CAT FOOD CONTAINER,-14
KNITTED UNION FLAG HOT WATER BOTTLE,-14
CHEST OF DRAWERS GINGHAM HEART ,-14
DAIRY MAID TRADITIONAL TEAPOT ,-14
SET/3 POT PLANT CANDLES,-14
DRAWER KNOB VINTAGE GLASS STAR,-14
STRAWBERRY LUNCH BOX WITH CUTLERY,-14
HEN HOUSE DECORATION,-13
VINTAGE  2 METER FOLDING RULER,-13
BOX OF VINTAGE ALPHABET BLOCKS,-13
SET OF 20 KIDS COOKIE CUTTERS,-13
BLUE CHENILLE SHAGGY CUSHION COVER ,-13
PARTY METAL SIGN ,-13
DOG BOWL CHASING BALL DESIGN,-13
ANTIQUE SILVER BAUBLE LAMP  ,-13
BLUE DRAWER KNOB ACRYLIC EDWARDIAN,-13
SET OF 12 MINI LOAF BAKING CASES,-13
VINTAGE CHRISTMAS BUNTING,-13
ANTIQUE HEART SHELF UNIT,-13
CIRCUS PARADE CHILDRENS EGG CUP ,-13
PINK VINTAGE PAISLEY PICNIC BAG,-13
PAINTED YELLOW WOODEN DAISY,-13
CHILDRENS CUTLERY POLKADOT GREEN ,-13
PACK OF 6 SANDCASTLE FLAGS ASSORTED,-13
PACK OF 6 SKULL PAPER CUPS,-13
GIANT 50'S CHRISTMAS CRACKER,-13
HEART T-LIGHT HOLDER,-13
CHARLOTTE BAG DOLLY GIRL DESIGN,-13
FRENCH BLUE METAL DOOR SIGN 9,-13
BAKING MOULD CHOCOLATE CUPCAKES,-13
I'M ON HOLIDAY METAL SIGN,-13
ROUND CAKE TIN VINTAGE GREEN,-13
FRENCH TOILET SIGN BLUE METAL,-13
SET OF 6 SNACK LOAF BAKING CASES,-13
BULL DOG BOTTLE OPENER,-13
TRADITIONAL WOODEN CATCH CUP GAME ,-13
ORGANISER WOOD ANTIQUE WHITE ,-13
KINGS CHOICE GIANT TUBE MATCHES,-13
COFFEE MUG DOG + BALL DESIGN,-13
MINIATURE ANTIQUE ROSE HOOK IVORY,-13
POPPY'S PLAYHOUSE BEDROOM ,-13
VINTAGE LEAF MAGNETIC NOTEPAD,-13
MOBILE VINTAGE HEARTS ,-13
SOAP DISH BROCANTE,-13
SET OF 72 PINK HEART PAPER DOILIES,-13
LARGE HANGING IVORY & RED WOOD BIRD,-13
RIBBON REEL MAKING SNOWMEN ,-13
ENAMEL BLUE RIM COFFEE CONTAINER,-13
MAN FLU METAL SIGN,-13
FELTCRAFT GIRL NICOLE KIT,-13
DAIRY MAID LARGE MILK JUG,-13
SET 20 NAPKINS FAIRY CAKES DESIGN ,-13
BEACH HUT DESIGN BLACKBOARD,-13
BEADED PEARL HEART WHITE ON STICK,-13
CHRISTMAS METAL POSTCARD WITH BELLS,-13
WOOD STAMP SET THANK YOU,-13
CHRISTMAS RETROSPOT TREE WOOD,-13
BLACK PIRATE TREASURE CHEST,-13
SET 12 KIDS  WHITE CHALK STICKS,-13
DOLLY GIRL CHILDRENS BOWL,-12
WOOD STAMP SET HAPPY BIRTHDAY,-12
"GREETING CARD, STICKY GORDON",-12
ZINC HEARTS PLANT POT HOLDER,-12
VINTAGE COFFEE GRINDER BOX,-12
POPPY'S PLAYHOUSE LIVINGROOM ,-12
BIRD DECORATION GREEN POLKADOT,-12
CANDLEHOLDER PINK HANGING HEART,-12
RAINY LADIES BIRTHDAY CARD,-12
WELCOME  WOODEN BLOCK LETTERS,-12
MAGNETS PACK OF 4 VINTAGE LABELS ,-12
SMALL SILVER TRELLIS CANDLEPOT,-12
SMALL SKULL WINDMILL,-12
CARD BIRTHDAY COWBOY,-12
BANQUET BIRTHDAY  CARD  ,-12
BEWARE OF THE CAT METAL SIGN ,-12
MAGIC GARDEN FELT GARLAND ,-12
MAGNETS PACK OF 4 RETRO PHOTO,-12
METAL SIGN HIS DINNER IS SERVED,-12
MAGNETS PACK OF 4 VINTAGE COLLAGE,-12
METAL DECORATION NAUGHTY CHILDREN ,-12
BUTTERFLIES STICKERS,-12
BUTTERFLY HAIR BAND,-12
ENAMEL WASH BOWL CREAM,-12
TRIPLE WIRE HOOK IVORY HEART,-12
SPACEBOY BIRTHDAY CARD,-12
"FANCY FONT BIRTHDAY CARD, ",-12
SKULLS DESIGN FLANNEL,-12
FINE WICKER HEART ,-12
CURIOUS IMAGES GIFT WRAP SET,-12
CURIOUS  IMAGES NOTEBOOK SET,-12
SKULLS  DESIGN  COTTON TOTE BAG,-12
MIRRORED WALL ART SNOWFLAKES,-12
CERAMIC LOVE HEART MONEY BANK,-12
FRENCH BLUE METAL DOOR SIGN 6,-12
TRADITIONAL CHRISTMAS RIBBONS,-12
FRENCH STYLE STORAGE JAR CAFE ,-12
VINTAGE RED MUG,-12
FRENCH LATTICE CUSHION COVER ,-12
FRENCH PAISLEY CUSHION COVER,-12
SINGLE HEART ZINC T-LIGHT HOLDER,-12
SINGLE WIRE HOOK IVORY HEART,-12
SINGLE WIRE HOOK PINK HEART,-12
VINTAGE KID DOLLY CARD ,-12
VINTAGE NOTEBOOK PARIS DAYS,-12
DAISY HAIR BAND,-12
DANISH ROSE DELUXE COASTER,-12
EGG FRYING PAN IVORY ,-12
ELEPHANT BIRTHDAY CARD ,-12
ENGLISH ROSE GARDEN SECATEURS,-12
RED RETROSPOT LUGGAGE TAG,-12
CARD HOLDER LOVE BIRD LARGE ,-12
MODERN FLORAL STATIONERY SET,-12
MOTORING TISSUE BOX,-12
ROLL WRAP 50'S RED CHRISTMAS ,-12
6 RIBBONS ELEGANT CHRISTMAS ,-12
ENVELOPE 50 BLOSSOM IMAGES,-12
SET OF 3 WOODEN STOCKING DECORATION,-12
RING OF ROSES BIRTHDAY CARD,-12
ROBIN CHRISTMAS CARD,-12
KITCHEN METAL SIGN,-12
COFFEE MUG PEARS  DESIGN,-12
FLORAL FOLK STATIONERY SET,-12
FLUTED ANTIQUE CANDLE HOLDER,-12
PACK OF 12 CIRCUS PARADE TISSUES ,-12
NOEL GARLAND PAINTED ZINC ,-12
NO JUNK MAIL METAL SIGN,-12
PACK OF 12 COLOURED PENCILS,-12
PINK POODLE HANGING DECORATION ,-12
6 RIBBONS SHIMMERING PINKS ,-12
EMPIRE BIRTHDAY CARD,-12
"ELEPHANT, BIRTHDAY CARD, ",-12
RED RETROSPOT STORAGE JAR,-12
CLASSIC CHROME BICYCLE BELL ,-12
CHRISTMAS TREE HANGING SILVER ,-12
CHRISTMAS CARD SINGING ANGEL,-12
HEART FILIGREE DOVE LARGE,-12
CHILDS GARDEN FORK BLUE ,-12
PARTY INVITES DINOSAURS,-12
PARTY INVITES WOODLAND,-12
PENNY FARTHING BIRTHDAY CARD,-12
RED RETROSPOT TAPE,-12
GLITTER STAR GARLAND WITH BELLS ,-12
REGENCY CAKE FORK,-12
GLASS JAR DAISY FRESH COTTON WOOL,-12
ZINC WILLIE WINKIE  CANDLE STICK,-12
SET OF 2 CERAMIC CHRISTMAS REINDEER,-12
GOLDIE LOOKING MIRROR,-12
PINK FOXGLOVE ARTIIFCIAL FLOWER,-12
RED RETROSPOT SHOPPING BAG,-12
PINK DIAMANTE PEN IN GIFT BOX,-12
TEA BAG PLATE RED RETROSPOT,-12
DECORATION WOBBLY CHICKEN,-12
YULETIDE IMAGES GIFT WRAP SET,-12
EAU DE NIL LOVE BIRD CANDLE,-12
DOORMAT UNION FLAG,-12
BOHEMIAN COLLAGE STATIONERY SET,-12
PACK OF 6 SWEETIE GIFT BOXES,-12
HI TEC ALPINE HAND WARMER,-12
HERB MARKER THYME,-12
HERB MARKER CHIVES ,-12
HERB MARKER MINT,-12
HERB MARKER PARSLEY,-12
HERB MARKER ROSEMARY,-12
SET/4 SKULL BADGES,-12
VICTORIAN SEWING BOX MEDIUM,-12
HEARTS  STICKERS,-12
VINTAGE BEAD PINK SCARF ,-12
36 DOILIES DOLLY GIRL,-12
WINE BOTTLE DRESSING DARK BLUE,-12
SET OF 9 HEART SHAPED BALLOONS,-12
BOTANICAL LAVENDER BIRTHDAY CARD,-12
SET/6 FRUIT SALAD PAPER CUPS,-12
RETRO PLASTIC DAISY TRAY,-12
RED LOVE HEART SHAPE CUP,-12
STAR WREATH DECORATION WITH BELL,-12
TOY TIDY DOLLY GIRL DESIGN,-12
GIFT BAG PSYCHEDELIC APPLES,-12
REINDEER HEART DECORATION GOLD,-12
RETRO MOD TRAY,-12
GARDEN METAL SIGN ,-12
ASSORTED TUTTI FRUTTI MIRROR,-12
IVORY WICKER HEART MEDIUM,-12
IVORY REFECTORY CLOCK,-12
IVORY LOVE BIRD CANDLE,-12
FRENCH BLUE METAL DOOR SIGN 8,-12
FRENCH GARDEN SIGN BLUE METAL,-12
FRENCH FLORAL CUSHION COVER ,-12
BLUE POLKADOT BOWL,-12
CHILDS GARDEN FORK PINK,-12
TEA TIME DES TEA COSY,-12
CINAMMON SET OF 9 T-LIGHTS,-11
FRENCH BLUE METAL DOOR SIGN 3,-11
JUMBO BAG DOLLY GIRL DESIGN,-11
"FOLK ART GREETING CARD,pack/12",-11
VINTAGE DONKEY TAIL GAME ,-11
ANTIQUE IVORY WIRE BOWL SMALL,-11
CHRISTMAS CRAFT WHITE FAIRY ,-11
ZINC T-LIGHT HOLDER STAR LARGE,-11
5 HOOK HANGER RED MAGIC TOADSTOOL,-11
FRENCH BLUE METAL DOOR SIGN 7,-11
HEART GARLAND RUSTIC PADDED,-11
GROW YOUR OWN FLOWERS SET OF 3,-11
FRENCH BLUE METAL DOOR SIGN 1,-11
FRENCH BLUE METAL DOOR SIGN 2,-11
WOODEN SKITTLES GARDEN SET,-11
COLOURING PENCILS BROWN TUBE,-11
BREAD BIN DINER STYLE PINK,-11
3 STRIPEY MICE FELTCRAFT,-11
RED METAL BOX TOP SECRET,-11
BLUE POLKADOT BEAKER ,-10
3 RAFFIA RIBBONS 50'S CHRISTMAS ,-10
PAPER LANTERN 7 POINT SNOW STAR,-10
ASSORTED COLOUR T-LIGHT HOLDER,-10
ANTIQUE TALL SWIRLGLASS TRINKET POT,-10
SWEETHEART WIRE WALL TIDY,-10
PINK  HONEYCOMB PAPER FAN,-10
DENIM PATCH PURSE PINK BUTTERFLY,-10
SET OF 16 VINTAGE ROSE CUTLERY,-10
BLUE BLOSSOM HAIR CLIP,-10
CHALKBOARD KITCHEN ORGANISER,-10
LARGE ANTIQUE WHITE PHOTO FRAME,-10
LOLITA  DESIGN  COTTON TOTE BAG,-10
FRENCH BLUE METAL DOOR SIGN 0,-10
BALLOON WATER BOMB PACK OF 35,-10
LAVENDER SCENTED FABRIC HEART,-10
RIBBON REEL CHRISTMAS SOCK BAUBLE,-10
RIBBON REEL FLORA + FAUNA ,-10
DOLLY GIRL CHILDRENS CUP,-10
LUNCH BAG PAISLEY PARK  ,-10
VINTAGE RED KITCHEN CABINET,-10
ORANGE SCENTED SET/9 T-LIGHTS,-10
SPACEBOY CHILDRENS BOWL,-10
RIBBON REEL POLKADOTS ,-10
GUMBALL MONOCHROME COAT RACK,-10
SWALLOW SQUARE TISSUE BOX,-10
EDWARDIAN PARASOL PINK,-10
SET OF 9 BLACK SKULL BALLOONS,-10
EASTER TIN KEEPSAKE,-10
PACK OF 20 SPACEBOY NAPKINS,-10
SKULL SHOULDER BAG,-10
BISCUIT TIN VINTAGE GREEN,-10
BLACK CHAMPAGNE GLASS,-10
4 TRADITIONAL SPINNING TOPS,-10
PINK POT PLANT CANDLE,-10
FRENCH BLUE METAL DOOR SIGN 4,-10
LADS ONLY TISSUE BOX,-9
EUCALYPTUS & PINECONE  WREATH,-9
MOROCCAN TEA GLASS,-9
VINTAGE GLASS T-LIGHT HOLDER,-9
CARAVAN SQUARE TISSUE BOX,-9
"KEY FOB , BACK DOOR ",-9
DISCO BALL ROTATOR BATTERY OPERATED,-9
36 PENCILS TUBE POSY,-9
AMETHYST DIAMANTE EXPANDABLE RING,-9
JARDIN ETCHED GLASS FRUITBOWL,-9
GLASS APOTHECARY BOTTLE ELIXIR,-9
CLASSIC FRENCH STYLE BASKET GREEN ,-9
RED RETROSPOT ROUND CAKE TINS,-9
SWEET HEART CAKE CARRIER,-9
CHILDRENS CUTLERY CIRCUS PARADE,-9
SET/3 ROSE CANDLE IN JEWELLED BOX,-9
BLACK KITCHEN SCALES,-9
BLUE  TILE HOOK,-9
PAINTED METAL PEARS ASSORTED,-9
EDWARDIAN PARASOL RED,-9
DRAWER KNOB CERAMIC IVORY,-9
WHITE WIRE EGG HOLDER,-9
MISTLETOE HEART WREATH GREEN,-9
BIRDS MOBILE VINTAGE DESIGN,-9
FRAPPUCINO SCARF KNITTING KIT,-9
LOVE HOT WATER BOTTLE,-9
"KEY FOB , FRONT  DOOR ",-9
CAROUSEL DESIGN WASHBAG,-9
CERAMIC CHERRY CAKE MONEY BANK,-9
SET OF 4 ENGLISH ROSE PLACEMATS,-9
STAR PORTABLE TABLE LIGHT ,-9
BOTTLE BAG RETROSPOT ,-9
ROUND STORAGE TIN VINTAGE LEAF,-9
WATERING CAN BLUE ELEPHANT,-8
LARGE RED RETROSPOT WINDMILL,-8
CREAM HEART CARD HOLDER,-8
FOOD COVER WITH BEADS SET 2 ,-8
MIDNIGHT BLUE VINTAGE EARRINGS,-8
PACK OF 12 DOLLY GIRL TISSUES,-8
KINGS CHOICE TEA CADDY ,-8
CARD I LOVE LONDON ,-8
MOTHER'S KITCHEN SPOON REST ,-8
SET 10 LIGHTS NIGHT OWL,-8
WOODEN CROQUET GARDEN SET,-8
WHITE CHERRY LIGHTS,-8
WHITE GOOSE FEATHER TREE 60CM ,-8
EMPIRE UNION JACK TV DINNER TRAY,-8
MAKE YOUR OWN MONSOON CARD KIT,-8
FELTCRAFT DOLL ROSIE,-8
MEASURING TAPE BABUSHKA RED,-8
FRENCH CARRIAGE LANTERN,-8
FRENCH ENAMEL WATER BASIN,-8
BOYS VINTAGE TIN SEASIDE BUCKET,-8
FRYING PAN RED RETROSPOT,-8
SET/4 SPRING FLOWER DECORATION,-8
HOLIDAY FUN LUDO,-8
BLACK CHERRY LIGHTS,-8
ASSORTED COLOUR MINI CASES,-8
TEA TIME KITCHEN APRON,-8
BLUE GIANT GARDEN THERMOMETER,-8
HEART SHAPE WIRELESS DOORBELL,-8
GLASS APOTHECARY BOTTLE PERFUME,-8
PINK  POLKADOT PLATE ,-8
PINK CHERRY LIGHTS,-8
SET 6 SCHOOL MILK BOTTLES IN CRATE,-8
YELLOW EASTER EGG HUNT START POST,-8
HANGING CLEAR MINI BOTTLE,-8
 SET 2 TEA TOWELS I LOVE LONDON ,-8
ZINC HERB GARDEN CONTAINER,-7
3 GARDENIA MORRIS BOXED CANDLES,-7
 DOLLY GIRL BEAKER,-7
12 PENCILS TALL TUBE RED RETROSPOT,-7
BLUE PADDED SOFT MOBILE,-7
DOORMAT VINTAGE LEAF,-7
DRAWER KNOB CRACKLE GLAZE BLUE,-7
SET OF 36 DOILIES PANTRY DESIGN,-7
FIVE HEART HANGING DECORATION,-7
FELT FARM ANIMAL RABBIT,-7
TREASURE TIN GYMKHANA DESIGN,-7
FELTCRAFT BOY JEAN-PAUL KIT,-7
EMPIRE TISSUE BOX,-7
CORDIAL GLASS JUG,-7
FELTCRAFT DOLL EMILY,-7
ANGEL DECORATION 3 BUTTONS ,-7
GLASS CHALICE GREEN  LARGE ,-7
CINAMMON & ORANGE WREATH,-7
GARLAND WITH STARS AND BELLS,-7
HAPPY EASTER HANGING DECORATION,-7
PACK OF 12 WOODLAND TISSUES ,-7
BLACK ENAMEL FLOWER RING,-7
OFFICE MUG WARMER BLACK+SILVER ,-7
STORAGE TIN HOME SWEET HOME,-7
CHERRY BLOSSOM DECORATIVE FLASK,-7
VINYL RECORD FRAME SILVER,-7
WALL ART ANIMALS AND NATURE ,-7
IVORY SWEETHEART WIRE LETTER RACK ,-7
WASH BAG VINTAGE ROSE PAISLEY,-7
WHITE JEWELLED HEART DECORATION,-7
WALL ART STOP FOR TEA ,-7
PURPLE BOUDICCA LARGE BRACELET,-7
BELLE JARDINIERE CUSHION COVER,-7
BROCANTE SHELF WITH HOOKS,-7
MEMO BOARD RETROSPOT  DESIGN,-7
PENS ASSORTED FUNKY JEWELED ,-7
PHOTO FRAME LINEN AND LACE LARGE,-7
BLUE CIRCLES DESIGN MONKEY DOLL,-7
SAVE THE PLANET COTTON TOTE BAG,-7
DOLLY GIRL BABY GIFT SET,-7
 SPACEBOY BABY GIFT SET,-6
VINTAGE BLUE KITCHEN CABINET,-6
VINTAGE BILLBOARD DRINK ME MUG,-6
DIAMANTE HAIR GRIP PACK/2 RUBY,-6
DIAMANTE HAIR GRIP PACK/2 PERIDOT,-6
DOORMAT HOME SWEET HOME BLUE ,-6
DOORMAT ENGLISH ROSE ,-6
SET 12 COLOUR PENCILS DOLLY GIRL ,-6
PAPER CHAIN KIT LONDON,-6
PAPER BUNTING PAISLEY PARK,-6
S/6 WOODEN SKITTLES IN COTTON BAG,-6
WOODEN ADVENT CALENDAR RED,-6
PINK ENAMEL FLOWER HAIR TIE,-6
PINK DAISY BAG CHARM,-6
BLACK/BLUE POLKADOT UMBRELLA,-6
BLUE FLOCK GLASS CANDLEHOLDER,-6
METAL MERRY CHRISTMAS WREATH,-6
MAKE YOUR OWN FLOWERPOWER CARD KIT,-6
YELLOW GIANT GARDEN THERMOMETER,-6
METAL SIGN DROP YOUR PANTS,-6
PLASMATRONIC LAMP,-6
WALL ART BUFFALO BILL ,-6
WALL ART HORSE & PONY ,-6
WALL ART TREASURE AHOY ,-6
PURPLE ENAMEL FLOWER HAIR TIE,-6
PURPLE ENAMEL+GLASS HAIR COMB,-6
WHEELBARROW FOR CHILDREN ,-6
POPPY'S PLAYHOUSE BATHROOM,-6
BIRDCAGE DECORATION TEALIGHT HOLDER,-6
BROCANTE COAT RACK,-6
WHITE ENAMEL FLOWER HAIR TIE,-6
WHITE FRANGIPANI NECKLACE,-6
GREEN POLKADOT BOWL,-6
HOME SWEET HOME METAL SIGN ,-6
CHILDRENS CUTLERY POLKADOT BLUE,-6
STRIPES DESIGN TEDDY,-6
RED RETROSPOT APRON ,-6
RED HEARTS LIGHT CHAIN ,-6
CHRISTMAS MUSICAL ZINC TREE,-6
GREEN METAL BOX ARMY SUPPLIES,-6
BLACK 3 BEAD DROP EARRINGS,-6
BOX OF 9 PEBBLE CANDLES,-6
OVERNIGHT BAG VINTAGE ROSE PAISLEY,-6
SILK PURSE BABUSHKA PINK,-6
PACK 3 BOXES CHRISTMAS PANETTONE,-6
NECKLACE+BRACELET PINK BUTTERFLY,-6
OPEN CLOSED METAL SIGN,-6
MISTLETOE HEART WREATH CREAM,-6
WALL ART 70'S ALPHABET ,-6
IVORY PILLAR CANDLE SILVER FLOCK,-6
CERAMIC BOWL WITH LOVE HEART DESIGN,-6
CHILDRENS CUTLERY RETROSPOT RED ,-6
RED RETROSPOT MINI CASES,-6
CERAMIC BOWL WITH STRAWBERRY DESIGN,-6
RED ENAMEL FLOWER RING,-6
CAT BOWL VINTAGE CREAM,-6
SPACEBOY BEAKER,-6
LARGE BLUE PROVENCAL CERAMIC BALL,-6
LIPSTICK PEN RED,-6
TOOL BOX SOFT TOY ,-6
T-LIGHT HOLDER SILVER HEART HANDLE,-6
CHOCOLATE 1 WICK MORRIS BOX CANDLE,-6
HAIRCLIPS FORTIES FABRIC ASSORTED,-6
GREEN ENAMEL FLOWER HAIR TIE,-6
AMBER DROP EARRINGS W LONG BEADS,-6
AMBER DIAMANTE EXPANDABLE RING,-6
REGENCY TEA SPOON,-6
ENAMEL COLANDER CREAM,-6
VINTAGE DOILY TRAVEL SEWING KIT,-6
FILIGREE HEART BUTTERFLY WHITE ,-6
DRAWER KNOB CERAMIC BLACK,-6
DOORMAT SPOTTY HOME SWEET HOME,-6
DIAMANTE HAIR GRIP PACK/2 LT ROSE,-6
SET OF 2 TRAYS HOME SWEET HOME,-6
UNION STRIPE CUSHION COVER ,-6
DRAWER KNOB VINTAGE GLASS BALL,-6
DROP DIAMANTE EARRINGS CRYSTAL,-6
DIAMANTE HAIR GRIP PACK/2 MONTANA,-6
DROP DIAMANTE EARRINGS PURPLE,-6
DROP DIAMANTE EARRINGS GREEN,-6
2 DAISIES HAIR COMB,-6
PINK PAISLEY SQUARE TISSUE BOX ,-6
PAPERWEIGHT KINGS CHOICE ,-6
12 PINK HEN+CHICKS IN BASKET,-6
PINK PARTY BAGS,-6
PAIR OF PINK FLOWER CLUSTER SLIDE,-6
YELLOW COAT RACK PARIS FASHION,-6
SET OF 2 CERAMIC PAINTED HEARTS ,-6
BLUE JUICY FRUIT PHOTO FRAME,-6
PANTRY APPLE CORER,-6
SET OF 2 ROUND TINS CAMEMBERT ,-6
SET OF 2 TEA TOWELS APPLE AND PEARS,-6
SET OF 2 WOODEN MARKET CRATES,-6
DECORATIVE WICKER HEART MEDIUM,-6
DIAMANTE HAIR GRIP PACK/2 BLACK DIA,-6
DIAMANTE HAIR GRIP PACK/2 CRYSTAL,-6
SET OF 36 SPACEBOY PAPER DOILIES,-6
GLASS APOTHECARY BOTTLE TONIC,-6
GINGHAM HEART  DOORSTOP RED,-6
GLASS  SONGBIRD STORAGE JAR,-6
COCKTAIL SWORDS 50 PIECES,-6
GARDENIA 3 WICK MORRIS BOXED CANDLE,-6
"TRAY, BREAKFAST IN BED",-6
VINTAGE GOLD TINSEL REEL,-6
DANISH ROSE BEDSIDE CABINET,-6
DAISY HAIR COMB,-6
VINTAGE NOTEBOOK TRAVELOGUE,-6
EGG FRYING PAN RED ,-6
EMBOSSED HEART TRINKET BOX,-6
EMBROIDERED RIBBON REEL RACHEL ,-6
EMBROIDERED RIBBON REEL SALLY ,-6
EMBROIDERED RIBBON REEL SUSIE ,-6
CHOC TRUFFLE GOLD TRINKET POT ,-6
SWALLOW WOODEN CHRISTMAS DECORATION,-6
CLASSIC DIAMANTE EARRINGS JET,-6
FELTCRAFT PRINCESS LOLA DOLL,-6
FOOT STOOL HOME SWEET HOME ,-6
BAG 250g SWIRLY MARBLES,-5
SET/6 PINK BIRD T-LIGHT CANDLES,-5
PINK POLKADOT GARDEN PARASOL,-5
WHITE HANGING BEADS CANDLE HOLDER,-5
HOME SWEET HOME HOOK,-5
"HOOK, 1 HANGER ,MAGIC GARDEN",-5
DOORMAT BLACK FLOCK ,-5
SET OF 72 GREEN PAPER DOILIES,-5
LOVE HEART TRINKET POT,-5
DOORMAT FANCY FONT HOME SWEET HOME,-5
MILK PAN BLUE POLKADOT,-5
ZINC TOP  2 DOOR WOODEN SHELF ,-5
VINTAGE CHRISTMAS TABLECLOTH,-5
PANTRY 3 HOOK ROLLING PIN HANGER,-5
BLUE POLKADOT GARDEN PARASOL,-5
 OVAL WALL MIRROR DIAMANTE ,-5
SWEETHEART WIRE MAGAZINE RACK,-5
GLASS CLOCHE LARGE,-5
SWEETHEART WALL TIDY ,-5
FRENCH CHATEAU LARGE PLATTER ,-5
GRASS HOPPER WOODEN WALL CLOCK ,-5
BLUE TILED TRAY,-5
DOORMAT WELCOME PUPPIES,-5
PINK POLKADOT BOWL,-5
PINK GLASS CANDLEHOLDER,-5
DOG BOWL VINTAGE CREAM,-5
SET/6 FROG PRINCE T-LIGHT CANDLES,-5
WHITE GOOSE FEATHER CHRISTMAS TREE ,-5
KEY CABINET MA CAMPAGNE,-5
RECIPE BOX WITH METAL HEART,-5
JAM CLOCK MAGNET,-5
LADIES & GENTLEMEN METAL SIGN,-5
"KEY FOB , SHED",-5
CHARLIE AND LOLA FIGURES TINS,-5
WOODLAND STORAGE BOX LARGE ,-5
VINTAGE UNION JACK DOORSTOP,-5
CHILDREN'S APRON DOLLY GIRL ,-5
FRENCH WC SIGN BLUE METAL,-5
FELT EGG COSY CHICKEN,-5
FLOWER VINE RAFFIA FOOD COVER,-5
GINGERBREAD MAN COOKIE CUTTER,-5
EMBROIDERED RIBBON REEL EMILY ,-5
EGG CUP MILKMAID HELGA ,-5
DOILEY STORAGE TIN,-5
DOLLY CABINET 3 DRAWERS ,-5
CABIN BAG VINTAGE RETROSPOT,-5
PSYCHEDELIC TILE HOOK,-5
PORCELAIN T-LIGHT HOLDERS ASSORTED,-5
POTTING SHED TWINE,-5
MEMO BOARD COTTAGE DESIGN,-5
SMALL SQUARE CUT GLASS CANDLESTICK,-5
BLUE COAT RACK PARIS FASHION,-5
MIDNIGHT BLUE PAIR HEART HAIR SLIDE,-4
PORCELAIN ROSE SMALL,-4
12 PENCIL SMALL TUBE WOODLAND,-4
PAPERWEIGHT VINTAGE COLLAGE,-4
SCOTTIES DESIGN WASHBAG,-4
ZINC BOX SIGN HOME,-4
PEARL CRYSTAL PUMPKIN T-LIGHT HLDR,-4
RED COAT RACK PARIS FASHION,-4
CARD HOLDER LOVE BIRD SMALL,-4
LOVE SEAT ANTIQUE WHITE METAL,-4
BEACH HUT SHELF W 3 DRAWERS,-4
PLACE SETTING WHITE STAR,-4
BULL DOG BOTTLE TOP WALL CLOCK,-4
SMALL IVORY HEART WALL ORGANISER,-4
MIRROR CORNICE,-4
WALL ART VILLAGE SHOW ,-4
PURPLE ENAMEL FLOWER RING,-4
SET OF 6 SOLDIER SKITTLES,-4
PURPLE FOXGLOVE ARTIIFCIAL FLOWER,-4
METAL RABBIT LADDER EASTER ,-4
LOVE LARGE WOOD LETTERS ,-4
LUNCH BAG SUKI  DESIGN ,-4
LUNCH BAG DOILEY PATTERN ,-4
GREEN PAIR HEART HAIR SLIDES,-4
SILVER CHRISTMAS TREE BAUBLE STAND ,-4
SKULL LUNCH BOX WITH CUTLERY ,-4
HEART T-LIGHT HOLDER WILLIE WINKIE,-4
CHILDRENS CUTLERY POLKADOT PINK,-4
ASSTD MULTICOLOUR CIRCLES MUG,-4
IVY HEART WREATH,-4
MR ROBOT SOFT TOY,-4
STRAWBERRY RAFFIA FOOD COVER,-4
LE JARDIN BOTANIQUE CUSHION COVER,-4
LOVE BUILDING BLOCK WORD,-4
LAUNDRY 15C METAL SIGN,-4
VINTAGE UNION JACK MEMOBOARD,-4
WOODLAND STORAGE BOX SMALL,-4
WOODEN UNION JACK BUNTING,-4
WOODEN ROUNDERS GARDEN SET ,-4
GARLAND WOODEN HAPPY EASTER,-4
FRYING PAN PINK POLKADOT,-4
SWEETHEART BIRD HOUSE,-4
GREEN CHRISTMAS TREE STRING 20LIGHT,-4
GREEN CHRISTMAS TREE CARD HOLDER,-4
FELT EGG COSY BLUE RABBIT ,-4
AIRLINE BAG VINTAGE JET SET RED,-4
CRYSTAL PAIR HEART HAIR SLIDES,-4
FELT EGG COSY WHITE RABBIT ,-4
ENGLISH ROSE SPIRIT LEVEL ,-4
GAOLERS KEYS DECORATIVE GARDEN ,-4
RETRO LONGBOARD IRONING BOARD COVER,-4
CHRISTMAS RETROSPOT ANGEL WOOD,-4
FLYING PIG WATERING CAN,-4
FRENCH ENAMEL POT W LID,-4
CLEAR MILKSHAKE GLASS,-4
DANISH ROSE ROUND SEWING BOX,-4
6 EGG HOUSE PAINTED WOOD,-4
EGG CUP MILKMAID HEIDI,-4
EIGHT PIECE DINOSAUR SET,-4
FAIRY TALE COTTAGE NIGHTLIGHT,-4
DANISH ROSE TRINKET TRAYS,-4
SET OF 2 ROUND TINS DUTCH CHEESE,-4
3 WICK CHRISTMAS BRIAR CANDLE ,-4
ROSE SCENT CANDLE IN JEWELLED BOX,-4
EDWARDIAN DROP EARRINGS JET BLACK,-4
ROSE COLOUR PAIR HEART HAIR SLIDES,-4
DOORMAT NEW ENGLAND,-4
DECORATION WHITE CHICK MAGIC GARDEN,-4
DECORATION  BUTTERFLY  MAGIC GARDEN,-4
DARK BIRD HOUSE TREE DECORATION,-4
3D SHEET OF CAT STICKERS,-4
SET/4 BLUE FLOWER CANDLES IN BOWL,-4
12 PENCILS TALL TUBE SKULLS,-4
WHITE LOVEBIRD LANTERN,-4
PAIR OF ENAMEL BUTTERFLY HAIRCLIP,-4
12 PINK ROSE PEG PLACE SETTINGS,-4
SET OF 16 VINTAGE PISTACHIO CUTLERY,-4
ZINC SWEETHEART WIRE LETTER RACK,-4
RUSTIC MIRROR WITH LACE HEART,-3
RUSTIC  SEVENTEEN DRAWER SIDEBOARD,-3
RUBY GLASS CLUSTER BRACELET,-3
BAKING MOULD EASTER EGG WHITE CHOC,-3
RED RETROSPOT OVEN GLOVE DOUBLE,-3
SET OF 4 KNICK KNACK TINS LEAVES ,-3
RETRO PLASTIC 70'S TRAY,-3
BROCADE RING PURSE ,-3
BLACK WINE GLASS,-3
BUNDLE OF 3 ALPHABET EXERCISE BOOKS,-3
BUNDLE OF 3 RETRO NOTE BOOKS,-3
BLACK LOVE BIRD T-LIGHT HOLDER,-3
BABUSHKA LIGHTS STRING OF 10,-3
PURPLE PAPER PARASOL,-3
WHITE WICKER STAR ,-3
BLUE SCOTTIE DOG W FLOWER PATTERN,-3
CAKE STAND VICTORIAN FILIGREE SMALL,-3
WHITE BEADED GARLAND STRING 20LIGHT,-3
WHITE ALLIUM  ARTIFICIAL FLOWER,-3
SET/3 OCEAN SCENT CANDLE JEWEL BOX,-3
RECYCLED ACAPULCO MAT RED,-3
SET/3 POLKADOT STACKING TINS,-3
SET/3 DECOUPAGE STACKING TINS,-3
PACK OF 20 NAPKINS RED APPLES,-3
WATERING CAN GREEN DINOSAUR,-3
WALL MIRROR RECTANGLE DIAMANTE PINK,-3
CERAMIC PIRATE CHEST MONEY BANK,-3
PARTY CHARMS 50 PIECES,-3
PINK DRAWER KNOB ACRYLIC EDWARDIAN,-3
PINK  HEART SHAPE LOVE BUCKET ,-3
PINK ENAMEL+GLASS HAIR COMB,-3
PINK FLORAL FELTCRAFT SHOULDER BAG,-3
CLASSIC FRENCH STYLE BASKET NATURAL,-3
CIRCUS PARADE BABY GIFT SET,-3
SILVER ROCCOCO CHANDELIER,-3
VINTAGE SEASIDE JIGSAW PUZZLES,-3
DECORATIVE FLORE BATHROOM BOTTLE,-3
DECORATIVE WICKER HEART LARGE,-3
MOROCCAN BEATEN METAL DISH,-3
MULTICOLOUR SPRING FLOWER MUG,-3
VINTAGE KITCHEN PRINT FRUITS,-3
VINTAGE LEAF CHOPPING BOARD  ,-3
DOLLY CABINET 2 DRAWERS ,-3
DOORMAT MULTICOLOUR STRIPE,-3
DOORMAT HEARTS,-3
SKULLS STORAGE BOX SMALL,-3
CREAM SWEETHEART MAGAZINE RACK,-3
VINTAGE EMBOSSED HEART,-3
CREAM SWEETHEART EGG HOLDER,-3
CLASSICAL ROSE SMALL VASE,-3
SET/6 PINK  BUTTERFLY T-LIGHTS,-3
SILVER GLASS T-LIGHT SET,-3
FRUIT TREE AND BIRDS WALL PLAQUE,-3
LARGE MEDINA STAMPED METAL BOWL ,-3
LETTER HOLDER HOME SWEET HOME,-3
TRAVEL CARD WALLET VINTAGE LEAF,-3
FLAG OF ST GEORGE CHAIR,-3
SMALL PARISIENNE HEART PHOTO FRAME ,-3
ENAMEL FIRE BUCKET CREAM,-3
DOORMAT WELCOME TO OUR HOME,-3
DOORMAT WELCOME SUNRISE,-3
ENGLISH ROSE HOT WATER BOTTLE,-3
MEDIUM WHITE/PINK ROSE ART FLOWER,-3
MIDNIGHT GLAMOUR SCARF KNITTING KIT,-3
FRENCH LAVENDER SCENT HEART,-3
T-LIGHT HOLDER HANGING LOVE BIRD,-3
GREEN METAL SWINGING BUNNY,-3
SCHOOL DESK AND CHAIR ,-3
ANTIQUE LILY FAIRY LIGHTS,-3
S/4 CACTI CANDLES,-3
ANTIQUE ALL GLASS CANDLESTICK,-3
GROW YOUR OWN BASIL IN ENAMEL MUG,-3
HANGING JAM JAR T-LIGHT HOLDERS,-3
TEA TIME TEAPOT IN GIFT BOX,-3
HOME SWEET HOME KEY HOLDER,-3
STAR T-LIGHT HOLDER WILLIE WINKIE,-3
GLASS JAR KINGS CHOICE,-3
GLASS TWIST BON BON JAR,-3
GLITTER CHRISTMAS TREE WITH BELLS,-3
GOLD SCROLL GLASS T-LIGHT HOLDER,-3
JUMBO BAG SCANDINAVIAN PAISLEY,-3
JUMBO STORAGE BAG SKULLS,-3
FILIGRIS HEART WITH BUTTERFLY,-3
PINK POLKADOT CHILDRENS UMBRELLA,-2
WHITE STITCHED WALL CLOCK,-2
BLUE MONTE CARLO HANDBAG,-2
RIDGED BONNE JAM JAR T-LIGHT HOLDER,-2
SET OF 36 DINOSAUR PAPER DOILIES,-2
 50'S CHRISTMAS GIFT BAG LARGE,-2
RED RETROSPOT BIG BOWL,-2
RELAX LARGE WOOD LETTERS,-2
RED RETROSPOT UMBRELLA,-2
RED PAPER PARASOL,-2
PACKING CHARGE,-2
PINK FAIRY CAKE CHILDRENS APRON,-2
PINK OWL SOFT TOY,-2
CRACKED GLAZE NECKLACE IVORY,-2
BUNDLE OF 3 SCHOOL EXERCISE BOOKS  ,-2
PLAYING CARDS KEEP CALM & CARRY ON,-2
PINK VINTAGE SPOT BEAKER,-2
BUNNY WOODEN PAINTED WITH BIRD ,-2
CAKE STAND VICTORIAN FILIGREE LARGE,-2
WHITE CHRYSANTHEMUMS ART FLOWER,-2
BUNNY WOODEN PAINTED WITH FLOWER ,-2
CAKE STAND VICTORIAN FILIGREE MED,-2
CAKE STAND LOVEBIRD 2 TIER PINK,-2
RED CHARLIE+LOLA PERSONAL DOORSIGN,-2
RECYCLED ACAPULCO MAT BLUE,-2
SET OF 6 HERB TINS SKETCHBOOK,-2
POLKA DOT RAFFIA FOOD COVER,-2
CALENDAR PAPER CUT DESIGN,-2
CAKE STAND WHITE TWO TIER LACE,-2
BOX OF 6 ASSORTED COLOUR TEASPOONS,-2
BOOZE & WOMEN GREETING CARD ,-2
BLUE OWL SOFT TOY,-2
BLUE POLKADOT WASHING UP GLOVES,-2
BLUE EASTER EGG HUNT START POST,-2
BLUE GLASS GEMS IN BAG,-2
WOOD STOCKING CHRISTMAS SCANDISPOT,-2
BLACK BIRD GARDEN DESIGN MUG,-2
WOODLAND DESIGN  COTTON TOTE BAG,-2
WOODLAND PARTY BAG + STICKER SET,-2
BATH BUILDING BLOCK WORD,-2
BIRD HOUSE HOT WATER BOTTLE,-2
BLACK DINER WALL CLOCK,-2
ROTATING LEAVES T-LIGHT HOLDER,-2
SET OF 36 DOLLY GIRL PAPER DOILIES,-2
ROSE SCENT CANDLE JEWELLED DRAWER,-2
DINOSAUR LUNCH BOX WITH CUTLERY,-2
DOCTOR'S BAG SOFT TOY,-2
DOORMAT 3 SMILEY CATS,-2
DOORMAT RESPECTABLE HOUSE,-2
DOORMAT NEIGHBOURHOOD WITCH ,-2
MINI PLAYING CARDS DOLLY GIRL ,-2
MINI JIGSAW DINOSAUR ,-2
MILK PAN RED RETROSPOT,-2
CREAM WALL PLANTER HEART SHAPED,-2
CREAM SWEETHEART LETTER RACK,-2
CHUNKY SILVER NECKLACE PASTEL FLOWE,-2
CHILDS GARDEN SPADE PINK,-2
NEW BAROQUE B'FLY NECKLACE RED,-2
CHEST 7 DRAWER MA CAMPAGNE,-2
DECORATIVE PLANT POT WITH FRIEZE,-2
VINTAGE KEEPSAKE BOX PINK FLOWER,-2
CARDHOLDER HOLLY WREATH METAL,-2
CARRIAGE,-2
CHARLIE & LOLA WASTEPAPER BIN BLUE,-2
CHARLIE + LOLA BISCUITS TINS,-2
PACK OF 6 HANDBAG GIFT BOXES,-2
CHERRY CROCHET FOOD COVER,-2
SET/4 MODERN VINTAGE COTTON NAPKINS,-2
CANDY SPOT HAND BAG,-2
PACK OF 12 STICKY BUNNIES,-2
PACK OF 12 TRADITIONAL CRAYONS,-2
WALL ART CLASSIC PUDDINGS ,-2
SILVER FISHING GNOME ,-2
SHELF WITH 4 HOOKS HOME SWEET HOME,-2
SHOE SHINE BOX ,-2
OFFICE MUG WARMER CHOC+BLUE,-2
FOLDING BUTTERFLY MIRROR HOT PINK ,-2
FRYING PAN BLUE POLKADOT,-2
LARGE BONNE JAM JAR  T-LIGHT HOLDER,-2
SPACEBOY MINI BACKPACK,-2
SPOTTY PINK DUCK DOORSTOP,-2
LE GRAND TRAY CHIC SET,-2
LARGE CAKE TOWEL PINK SPOTS,-2
TRIANGULAR POUFFE VINTAGE ,-2
LIPSTICK PEN FUSCHIA,-2
FLOWERS TILE HOOK,-2
FELTCRAFT PRINCESS OLIVIA DOLL,-2
MAKE YOUR OWN PLAYTIME CARD KIT,-2
JET BLACK LAS VEGAS NECKLACE 45CM,-2
TRADTIONAL ALPHABET STAMP SET,-2
FRENCH STYLE EMBOSSED HEART CABINET,-2
LA PALMIERA TILE HOOK,-2
FROG CANDLE,-2
IVORY HANGING DECORATION  HEART,-2
IVORY RETRO KITCHEN WALL CLOCK,-2
IVORY WICKER HEART LARGE,-2
IVORY WIRE KITCHEN ORGANISER,-2
JADE DROP EARRINGS W FILIGREE,-2
STOOL HOME SWEET HOME ,-2
STRAWBERRY HONEYCOMB  GARLAND ,-2
GREEN GOOSE FEATHER TREE 60CM,-2
THREE MINI HANGING FRAMES,-2
TV DINNER TRAY DOLLY GIRL,-2
ENGLISH ROSE SCENTED HANGING FLOWER,-2
METAL SIGN NEIGHBOURHOOD WITCH ,-2
MEDIUM PARLOUR PICTURE FRAME ,-2
MAGIC DRAWING SLATE SPACEBOY ,-2
SMALL WHITE/PINK ROSE ART FLOWER,-2
VINTAGE CREAM 3 BASKET CAKE STAND,-2
HEART MIRROR ANTIQUE WHITE,-2
SUMMER FUN DESIGN SHOWER CAP,-2
SWEETHEART CARRY-ALL BASKET,-2
IVORY ENCHANTED FOREST PLACEMAT,-2
TEA TIME TEA SET IN GIFT BOX,-2
GLASS CAKE COVER AND PLATE,-2
GIFT BAG BIRTHDAY,-2
GROW YOUR OWN HERBS SET OF 3,-2
SET 6 FOOTBALL CELEBRATION CANDLES,-2
HANGING HEART MIRROR DECORATION ,-2
S/4 GROOVY CAT MAGNETS,-2
SALLE DE BAIN HOOK,-2
SET OF 3 GOLD FLYING DUCKS,-2
SET OF 3 BIRD LIGHT PINK FEATHER ,-2
ASSORTED CIRCULAR MOBILE,-2
TALL ROCOCO CANDLE HOLDER,-2
ANTIQUE GLASS HEART DECORATION ,-2
AFGHAN SLIPPER SOCK PAIR,-2
16 PIECE CUTLERY SET PANTRY DESIGN,-2
2 PICTURE BOOK EGGS EASTER CHICKS,-1
200 BENDY SKULL STRAWS,-1
3 TIER SWEETHEART GARDEN SHELF,-1
5 STRAND GLASS NECKLACE CRYSTAL,-1
50'S CHRISTMAS PAPER GIFT BAG,-1
AIRLINE BAG VINTAGE WORLD CHAMPION ,-1
ANT SILVER LIME GREEN BOUDICCA RING,-1
ANT WHITE WIRE HEART SPIRAL,-1
APOTHECARY MEASURING JAR,-1
ASSORTED MONKEY SUCTION CUP HOOK,-1
S/4 BLACK MINI ROSE CANDLE IN BOWL,-1
SET 10 CARDS HANGING BAUBLES 17080,-1
SET 36 COLOURING PENCILS DOILY,-1
SET OF 12 FORK CANDLES,-1
SET OF 16 VINTAGE RED CUTLERY,-1
 TRELLIS COAT RACK,-1
12 EGG HOUSE PAINTED WOOD,-1
12 IVORY ROSE PEG PLACE SETTINGS,-1
12 MESSAGE CARDS WITH ENVELOPES,-1
SWEETHEART KEY CABINET,-1
SWIRLY CIRCULAR RUBBERS IN BAG,-1
T-LIGHT HOLDER SWEETHEART HANGING,-1
HAND OPEN SHAPE DECO.WHITE,-1
HANGING HEART BONHEUR,-1
HANGING WOOD AND FELT FLOWER,-1
HAPPY STENCIL CRAFT,-1
HEART IVORY TRELLIS LARGE,-1
HEART MINI PORTRAIT FRAME,-1
HEART SHAPED HOLLY WREATH,-1
STRIPY DESIGN SHOWER CAP,-1
SUKI  SHOULDER BAG,-1
SUNFLOWER DECORATIVE PARASOL,-1
SWEET PUDDING STICKER SHEET,-1
HEN HOUSE W CHICK STANDING,-1
HEN PARTY CORDON BARRIER TAPE,-1
HOME SWEET HOME 2 DRAWER CABINET,-1
HOME SWEET HOME BOTTLE ,-1
ILLUSTRATED CAT BOWL ,-1
IVORY HANGING DECORATION  BIRD,-1
GEORGIAN TRINKET BOX,-1
TEA TIME CAKE STAND IN GIFT BOX,-1
GINGHAM RECIPE BOOK BOX,-1
GLASS CHALICE GREEN  SMALL ,-1
GLASS SPHERE CANDLE STAND MEDIUM,-1
GOLD EAR MUFF HEADPHONES,-1
IVORY SWEETHEART SOAP DISH,-1
STARS GIFT TAPE ,-1
JUMBO BAG CHARLIE AND LOLA TOYS,-1
LANDMARK FRAME COVENT GARDEN ,-1
FOOD CONTAINER SET 3 LOVE HEART ,-1
FORKED CACTUS CANDLE,-1
TOYBOX  WRAP ,-1
TRADITIONAL MODELLING CLAY,-1
TRAVEL CARD WALLET I LOVE LONDON,-1
FRENCH LAUNDRY SIGN BLUE METAL,-1
FRENCH STYLE STORAGE JAR JAM,-1
FUNKY WASHING UP GLOVES ASSORTED,-1
GARDEN PATH JOURNAL,-1
GARDENIA 1 WICK MORRIS BOXED CANDLE,-1
SPACEBOY CHILDRENS EGG CUP,-1
LARGE DECO JEWELLERY STAND,-1
LARGE HEART MEASURING SPOONS,-1
LARGE IVORY HEART WALL ORGANISER,-1
LARGE RED BABUSHKA NOTEBOOK ,-1
LARGE ROUND CUTGLASS CANDLESTICK,-1
LARGE TORTILLA DESIGN RED BOWL,-1
LONG SILVER NECKLACE PASTEL FLOWER,-1
FAIRY SOAP SOAP HOLDER,-1
TROPICAL  HONEYCOMB PAPER GARLAND ,-1
TUMBLER BAROQUE,-1
TUSCAN VILLA DOVECOTE BIRD FEEDER,-1
FELTCRAFT DOLL MARIA,-1
FLAMINGO LIGHTS,-1
FLOOR CUSHION ELEPHANT CARNIVAL,-1
FOLDING UMBRELLA CREAM POLKADOT,-1
FOLKART ZINC HEART CHRISTMAS DEC,-1
DOTCOM POSTAGE,-1
TV DINNER TRAY AIR HOSTESS ,-1
VINTAGE  2 METRE FOLDING RULER,-1
EASTER BUNNY HANGING GARLAND,-1
EASTER DECORATION SITTING BUNNY,-1
EAU DE NILE HEART SHAPE PHOTO FRAME,-1
EGG CUP HENRIETTA HEN CREAM ,-1
EGG CUP HENRIETTA HEN PINK,-1
EMPIRE DESIGN ROSETTE,-1
FAIRY CAKE DESIGN UMBRELLA,-1
LOVE HEART SOCK HANGER,-1
SMALL TAHITI BEACH BAG,-1
MAGIC TREE -PAPER FLOWERS,-1
MAGNETS PACK OF 4 HOME SWEET HOME,-1
MEASURING TAPE BABUSHKA BLUE,-1
MEASURING TAPE BABUSHKA PINK,-1
MEDINA STAMPED METAL STOOL,-1
MILK PAN PINK POLKADOT,-1
"DIAMANTE HEART SHAPED WALL MIRROR, ",-1
VINTAGE CHRISTMAS GIFT SACK,-1
DIAMANTE NECKLACE PURPLE,-1
DO NOT TOUCH MY STUFF DOOR HANGER ,-1
DOLLY GIRL CHILDRENS EGG CUP,-1
DOLLY GIRL MINI BACKPACK,-1
DOOR HANGER  MUM + DADS ROOM,-1
MINI  ZINC GARDEN DECORATIONS ,-1
MINI JIGSAW BUNNIES,-1
MINI JIGSAW CIRCUS PARADE ,-1
MINI JIGSAW PURDEY,-1
SMALL CHUNKY GLASS ROMAN  BOWL,-1
SMALL DECO JEWELLERY STAND,-1
SMALL HEART FLOWERS HOOK ,-1
MINT DINER WALL CLOCK,-1
MONEY BOX BISCUITS DESIGN,-1
MONEY BOX KINGS CHOICE DESIGN,-1
MONEY BOX POCKET MONEY DESIGN,-1
MONTANA DIAMOND CLUSTER EARRINGS,-1
CREAM SWEETHEART SHELF + HOOKS,-1
CREAM SWEETHEART TRAYS,-1
CURIO CABINET LINEN AND LACE ,-1
VINTAGE JINGLE BELLS HEART,-1
DECORATIVE CATS BATHROOM BOTTLE,-1
DECORATIVE HANGING SHELVING UNIT,-1
MRS ROBOT SOFT TOY,-1
SILVER M.O.P ORBIT DROP EARRINGS,-1
SILVER PHOTO FRAME,-1
MUM'S KITCHEN CLOCK,-1
NEW BAROQUE JEWELLERY BOX ,-1
NOEL WOODEN BLOCK LETTERS ,-1
NUMBER TILE COTTAGE GARDEN 1,-1
NUMBER TILE COTTAGE GARDEN 9,-1
NUMBER TILE COTTAGE GARDEN No,-1
NUMBER TILE VINTAGE FONT 3,-1
NUMBER TILE VINTAGE FONT 4,-1
NUMBER TILE VINTAGE FONT 6 ,-1
WAKE UP COCKEREL TILE HOOK,-1
CHRISTMAS GINGHAM TREE,-1
CHRISTMAS TREE HEART DECORATION,-1
CLASSIC DIAMANTE NECKLACE JET,-1
COCKLE SHELL DISH,-1
COFFEE MUG PINK PAISLEY DESIGN,-1
CRAZY DAISY HEART DECORATION,-1
Next Day Carriage,-1
SEWING SUSAN 21 NEEDLE SET,-1
SILK PURSE BABUSHKA BLUE,-1
SILVER BELLS TABLE DECORATION,-1
SILVER BLACK ORBIT DROP EARRINGS,-1
SILVER BRACELET W PASTEL FLOWER,-1
PACK OF 12 SUKI TISSUES ,-1
WALL ART BICYCLE SAFETY,-1
WALL ART MID CENTURY MODERN ,-1
WALL TIDY RETROSPOT ,-1
WATERING CAN GARDEN MARKER,-1
CARNIVAL BRACELET,-1
CERAMIC STRAWBERRY MONEY BOX,-1
PACK OF 6 PANNETONE GIFT BOXES,-1
SET/4 RED MINI ROSE CANDLE IN BOWL,-1
SET/6 BLACK BIRD T-LIGHT CANDLES,-1
PEACE SMALL WOOD LETTERS,-1
PEACE WOODEN BLOCK LETTERS,-1
PINK BUTTERFLY CUSHION COVER,-1
PINK DOG CANNISTER,-1
PINK HEART SHAPE PHOTO FRAME,-1
PINK HORSE SOCK PUPPET KIT,-1
PINK LARGE JEWELED PHOTOFRAME,-1
PINK LOVE BIRD CANDLE,-1
PINK MONTE CARLO HANDBAG,-1
PINK PAPER PARASOL ,-1
PINK SMALL JEWELLED PHOTOFRAME,-1
PINK/WHITE CHRISTMAS TREE 60CM,-1
POCKET BAG BLUE PAISLEY RED SPOT,-1
WHITE 3 FRAME BIRDS AND TREE ,-1
CAMOUFLAGE DESIGN TEDDY,-1
CANDY HEART HANGING DECORATION,-1
CANDY SPOT CUSHION COVER,-1
POLYESTER FILLER PAD 45x45cm,-1
POPPY FIELDS CHOPPING BOARD,-1
SET OF 6 T-LIGHTS CACTI ,-1
PORCELAIN HANGING BELL SMALL,-1
RECYCLED ACAPULCO MAT GREEN,-1
RECYCLED ACAPULCO MAT LAVENDER,-1
RECYCLED ACAPULCO MAT PINK,-1
RECYCLED ACAPULCO MAT TURQUOISE,-1
RECYCLED PENCIL WITH RABBIT ERASER,-1
RED DRAGONFLY HELICOPTER,-1
WHITE SOAP RACK WITH 2 BOTTLES,-1
WHITE TRAVEL ALARM CLOCK,-1
BLUE PAPER PARASOL ,-1
BLUE WIRE SPIRAL CANDLE HOLDER,-1
BROWN CHECK CAT DOORSTOP ,-1
BLACK HEART CARD HOLDER,-1
BLACK MEDIUM GLASS CAKE STAND,-1
WOODEN HAPPY BIRTHDAY GARLAND,-1
BLACK PHOTO ALBUM ,-1
BLACK SMALL GLASS CAKE STAND,-1
BLACK SWEETHEART BRACELET,-1
BLACK VINTAGE  CRYSTAL EARRINGS,-1
BLUE CHECK BAG W HANDLE 34X20CM,-1
BLUE DRAGONFLY HELICOPTER,-1
BLUE FLYING SINGING CANARY,-1
BLUE GEISHA GIRL ,-1
RED FLOCK LOVE HEART PHOTO FRAME,-1
SET OF 4 NAPKIN CHARMS CROWNS ,-1
RED GINGHAM TEDDY BEAR ,-1
RED METAL BEACH SPADE ,-1
RED REFECTORY CLOCK ,-1
REGENCY CAKE SLICE,-1
RETROSPOT BABUSHKA DOORSTOP,-1
RETROSPOT GIANT TUBE MATCHES,-1
RETROSPOT PADDED SEAT CUSHION,-1
ASSORTED TUTTI FRUTTI LARGE PURSE,-1
ASSORTED TUTTI FRUTTI SMALL PURSE,-1
WOOLLY HAT SOCK GLOVE ADVENT STRING,-1
BASKET OF FLOWERS SEWING KIT,-1
BEACH HUT KEY CABINET,-1
BEST DAD CANDLE LETTERS,-1
BIRD DECORATION RED RETROSPOT,-1
BLACK BAROQUE WALL CLOCK ,-1
RETROSPOT RED WASHING UP GLOVES,-1
RETROSPOT SMALL TUBE MATCHES,-1
SET OF 3 WOODEN SLEIGH DECORATIONS,-1
SET OF 36 MUSHROOM PAPER DOILIES,-1
SET OF 36 VINTAGE CHRISTMAS DOILIES,-1
SET OF 4 DIAMOND NAPKIN RINGS,-1
SET OF 4 ENGLISH ROSE COASTERS,-1
"RUSTIC WOODEN CABINET, GLASS DOORS",-1
YELLOW/BLUE RETRO RADIO,-1
