Description,Revenue
AMAZON FEE,235281.59
"PAPER CRAFT , LITTLE BIRDIE",168469.6
Manual,146784.46
MEDIUM CERAMIC TOP STORAGE JAR,77479.64000000001
POSTAGE,11871.24
REGENCY CAKESTAND 3 TIER,9697.05
CRUK Commission,7933.43
Bank Charges,7340.639999999999
WHITE HANGING HEART T-LIGHT HOLDER,6624.3
FAIRY CAKE FLANNEL ASSORTED COLOUR,6591.42
Discount,5696.219999999999
PANTRY CHOPPING BOARD,4803.0599999999995
DOORMAT FAIRY CAKE,4554.9
GIN + TONIC DIET METAL SIGN,3775.33
TEA TIME PARTY BUNTING,3692.95
FELTCRAFT DOLL MOLLY,3512.65
COLOUR GLASS. STAR T-LIGHT HOLDER,3246.16
SAMPLES,3102.7
IVORY DINER WALL CLOCK,2653.7
RED RETROSPOT CAKE STAND,2480.4999999999995
JUMBO BAG RED RETROSPOT,1984.02
FLOWERS CHANDELIER T-LIGHT HOLDER,1859.07
VINTAGE RED KITCHEN CABINET,1730.5
ROUND SNACK BOXES SET OF 4 FRUITS ,1691.5
HOT WATER BOTTLE I AM SO POORLY,1679.6999999999998
3 TIER CAKE TIN RED AND CREAM,1671.6000000000001
DOORMAT KEEP CALM AND COME IN,1601.25
CINDERELLA CHANDELIER ,1514.0500000000002
PINK BLUE FELT CRAFT TRINKET BOX,1405.01
JUMBO BAG APPLES,1309.25
SET OF 3 BABUSHKA STACKING TINS,1258.0499999999997
SET/4 WHITE RETRO STORAGE CUBES ,1248.25
WOOD 2 DRAWER CABINET WHITE FINISH,1225.8500000000001
PARTY BUNTING,1201.3500000000001
REVOLVER WOODEN RULER ,1193.4
GIRAFFE WOODEN RULER,1185.8999999999999
PAPER CHAIN KIT 50'S CHRISTMAS ,1160.35
FELTCRAFT 6 FLOWER FRIENDS,1158.3
ROSES REGENCY TEACUP AND SAUCER ,1150.3500000000001
HOME SWEET HOME MUG,1134.32
FELTCRAFT BUTTERFLY HEARTS,1103.65
JUMBO BAG ALPHABET,1076.0199999999998
REGENCY TEA PLATE ROSES ,1046.3
JUMBO BAG VINTAGE DOILY ,1030.6399999999999
JAM MAKING SET WITH JARS,1012.79
SET 7 BABUSHKA NESTING BOXES,952.0
PAPER CHAIN KIT VINTAGE CHRISTMAS,931.45
WOODEN FRAME ANTIQUE WHITE ,910.9500000000002
PICNIC BASKET WICKER LARGE,873.2
3 HOOK PHOTO SHELF ANTIQUE WHITE,859.3499999999999
LUNCH BAG RED RETROSPOT,854.6999999999999
HERB MARKER BASIL,841.05
FELTCRAFT CUSHION RABBIT,832.35
JUMBO BAG PINK POLKADOT,816.58
VINTAGE BLUE KITCHEN CABINET,800.0
VINTAGE BILLBOARD TEA MUG,743.06
SAVE THE PLANET MUG,740.9399999999998
SET OF 3 CAKE TINS PANTRY DESIGN ,730.1
CHILDS BREAKFAST SET DOLLY GIRL ,727.0500000000001
BREAD BIN DINER STYLE IVORY,711.8000000000002
IVORY CHANDELIER T-LIGHT HOLDER,690.72
VICTORIAN SEWING BOX LARGE,679.75
OCEAN SCENT CANDLE IN JEWELLED BOX,662.24
LUNCH BAG ALPHABET DESIGN,659.6
FELTCRAFT CUSHION BUTTERFLY,658.38
EDWARDIAN PARASOL BLACK,652.5
SWEETHEART CAKESTAND 3 TIER,643.05
VICTORIAN GLASS HANGING T-LIGHT,638.4
OFFICE MUG WARMER PINK,637.5
BEADED CHANDELIER T-LIGHT HOLDER,636.15
WHITE SKULL HOT WATER BOTTLE ,635.9300000000001
JUMBO SHOPPER VINTAGE RED PAISLEY,622.47
CHRISTMAS LIGHTS 10 SANTAS ,604.35
JUMBO STORAGE BAG SUKI,602.33
WOODEN PICTURE FRAME WHITE FINISH,581.55
VANILLA SCENT CANDLE JEWELLED BOX,579.81
WHITE TALL PORCELAIN T-LIGHT HOLDER,571.8000000000001
COTTON APRON PANTRY DESIGN,553.7
SET/2 RED RETROSPOT TEA TOWELS ,550.0
CHOCOLATE HOT WATER BOTTLE,548.88
LUNCH BOX I LOVE LONDON,546.0
SET OF TEA COFFEE SUGAR TINS PANTRY,545.5500000000001
SCOTTIE DOG HOT WATER BOTTLE,544.4499999999999
FELTCRAFT CUSHION OWL,540.6600000000001
SET 2 TEA TOWELS I LOVE LONDON ,527.2
PHOTO FRAME 3 CLASSIC HANGING,524.05
LOVE SEAT ANTIQUE WHITE METAL,517.5
SET/3 VANILLA SCENTED CANDLE IN BOX,516.7
JUMBO  BAG BAROQUE BLACK WHITE,510.8799999999999
RED RETROSPOT PEG BAG,510.6000000000001
CAKE STAND 3 TIER MAGIC GARDEN,508.95000000000005
ASSORTED COLOURS SILK FAN,505.68
JUMBO BAG VINTAGE CHRISTMAS ,505.68
RED FLORAL FELTCRAFT SHOULDER BAG,491.91
JUMBO BAG 50'S CHRISTMAS ,486.96000000000004
SPOTTY BUNTING,482.80999999999995
JUMBO BAG SCANDINAVIAN BLUE PAISLEY,479.5799999999999
DOLLY GIRL LUNCH BOX,478.65
ALPHABET STENCIL CRAFT,464.17
CABIN BAG VINTAGE PAISLEY,461.84999999999997
DOORMAT RED RETROSPOT,461.22
JUMBO BAG STRAWBERRY,448.49
BLUE CHARLIE+LOLA PERSONAL DOORSIGN,448.4
CREAM SWEETHEART MINI CHEST,448.05
CERAMIC CAKE STAND + HANGING CAKES,446.7
SET OF 6 NATIVITY MAGNETS ,444.0
JUMBO BAG VINTAGE LEAF,442.46000000000004
REGENCY TEAPOT ROSES ,436.4
MARIE ANTOINETTE TRINKET BOX GOLD,434.0
BASKET OF TOADSTOOLS,432.48
JUMBO BAG OWLS,431.42999999999995
CHRISTMAS LIGHTS 10 REINDEER,429.25
JUMBO BAG WOODLAND ANIMALS,426.46000000000004
JAM MAKING SET PRINTED,425.75
SET OF 3 REGENCY CAKE TINS,421.4999999999999
RECIPE BOX PANTRY YELLOW DESIGN,421.04999999999995
RAIN PONCHO RETROSPOT,420.0
PINK HANGING HEART T-LIGHT HOLDER,419.8
HOT WATER BOTTLE KEEP CALM,417.59999999999997
BREAD BIN DINER STYLE RED ,416.69999999999993
RUSTIC  SEVENTEEN DRAWER SIDEBOARD,415.0
STRAWBERRY CERAMIC TRINKET BOX,414.49999999999994
SILVER HANGING T-LIGHT HOLDER,412.34999999999997
36 DOILIES VINTAGE CHRISTMAS,412.2
CARD HOLDER GINGHAM HEART,411.86999999999995
BOTANICAL GARDENS WALL CLOCK ,407.40000000000003
WOODEN SCHOOL COLOURING SET,405.0
PAINT YOUR OWN CANVAS SET,396.45
GREEN REGENCY TEACUP AND SAUCER,393.05000000000007
PINK REGENCY TEACUP AND SAUCER,387.5
JUMBO BAG PINK VINTAGE PAISLEY,387.07000000000005
VINTAGE DOILY DELUXE SEWING KIT ,386.75
PICNIC BASKET WICKER SMALL,385.25
MARIE ANTOINETTE TRINKET BOX SILVER,384.0
TWO DOOR CURIO CABINET,382.95
CHILDS BREAKFAST SET SPACEBOY ,381.84999999999997
CLASSIC GLASS COOKIE JAR,379.15
BOX OF 6 MINI VINTAGE CRACKERS,368.71
12 PENCILS SMALL TUBE SKULL,367.9
SMALL CERAMIC TOP STORAGE JAR ,365.18999999999994
FAMILY PHOTO FRAME CORNICE,355.3
DOORMAT MERRY CHRISTMAS RED ,354.0
GUMBALL MAGAZINE RACK,352.34999999999997
ROCOCO WALL MIRROR WHITE,350.09999999999997
CHILLI LIGHTS,349.7
ANTIQUE SILVER T-LIGHT GLASS,349.21
TRIPLE PHOTO FRAME CORNICE ,348.24999999999994
REGENCY SUGAR BOWL GREEN,345.2
ENAMEL BREAD BIN CREAM,342.6
CHILDRENS CUTLERY SPACEBOY ,338.0
BAKING MOULD EASTER EGG MILK CHOC,337.79999999999995
GUMBALL COAT RACK,337.5
EDWARDIAN PARASOL NATURAL,337.45000000000005
SMALL RED RETROSPOT MUG IN BOX ,336.54
3 DRAWER ANTIQUE WHITE WOOD CABINET,336.15
GLASS JAR MARMALADE ,335.5
POPCORN HOLDER,329.41
LUNCH BAG CARS BLUE,327.4999999999999
NATURAL SLATE CHALKBOARD LARGE ,326.8
VICTORIAN SEWING KIT,322.85
PLACE SETTING WHITE HEART,321.96000000000004
ROTATING SILVER ANGELS T-LIGHT HLDR,321.6
SET OF 10 LED DOLLY LIGHTS,317.6
ADVENT CALENDAR GINGHAM SACK,314.95
BAKING SET 9 PIECE RETROSPOT ,311.09999999999997
HOT WATER BOTTLE TEA AND SYMPATHY,310.1
15CM CHRISTMAS GLASS BALL 20 LIGHTS,307.94999999999993
HAND WARMER BABUSHKA DESIGN,306.04999999999995
HANGING FAIRY CAKE DECORATION,302.51
SET/5 RED RETROSPOT LID GLASS BOWLS,300.85
CLASSIC METAL BIRDCAGE PLANT HOLDER,298.2
PARISIENNE KEY CABINET ,293.25
PARISIENNE SEWING BOX,283.2
36 FOIL HEART CAKE CASES,283.2
MA CAMPAGNE CUTLERY BOX,283.15
FRYING PAN UNION FLAG,282.25
GLASS JAR ENGLISH CONFECTIONERY,282.0
RED TOADSTOOL LED NIGHT LIGHT,281.29999999999995
MIRROR MOSAIC T-LIGHT HOLDER ,280.8
METAL 4 HOOK HANGER FRENCH CHATEAU,279.77
PANTRY ROLLING PIN,272.61
SMALL GLASS HEART TRINKET POT,270.15000000000003
NOVELTY BISCUITS CAKE STAND 3 TIER,268.25
ALARM CLOCK BAKELIKE RED ,266.25
BAKING MOULD TOFFEE CUP CHOCOLATE,262.8
RED RETROSPOT TRADITIONAL TEAPOT ,260.3
HAND WARMER OWL DESIGN,258.04999999999995
FAMILY ALBUM WHITE PICTURE FRAME,257.55
RED WOOLLY HOTTIE WHITE HEART.,256.45
WORLD WAR 2 GLIDERS ASSTD DESIGNS,253.92
WOOD S/3 CABINET ANT WHITE FINISH,249.75
BOX OF 6 MINI 50'S CRACKERS,244.97
CUPBOARD 3 DRAWER MA CAMPAGNE,244.89999999999998
ENAMEL FLOWER JUG CREAM,243.9
JUMBO BAG PEARS,243.63000000000005
LUNCH BAG SPACEBOY DESIGN ,242.35
PARISIENNE CURIO CABINET,239.85
CHILDS BREAKFAST SET CIRCUS PARADE,239.7
DANISH ROSE BEDSIDE CABINET,239.7
FAWN BLUE HOT WATER BOTTLE,239.60000000000002
SEWING BOX RETROSPOT DESIGN ,239.2
PACK OF SIX LED TEA LIGHTS,239.04
VINTAGE UNION JACK BUNTING,238.0
WOODEN ADVENT CALENDAR CREAM,237.75
CHEST OF DRAWERS GINGHAM HEART ,237.29999999999998
ASSTD DESIGN RACING CAR PEN,237.04999999999998
LUNCH BAG PINK POLKADOT,236.20000000000002
BREAD BIN DINER STYLE MINT,234.25
WHITE WOOD GARDEN PLANT LADDER,232.8
ROSE 1 WICK MORRIS BOXED CANDLE,232.25
GARDENERS KNEELING PAD CUP OF TEA ,231.60000000000002
MIRROR MOSAIC GOBLET CANDLE HOLDER,228.0
VINTAGE CREAM DOG FOOD CONTAINER,227.8
RED RETROSPOT OVEN GLOVE ,227.0
CHALKBOARD KITCHEN ORGANISER,225.5
REGENCY MILK JUG PINK ,225.5
RECIPE BOX RETROSPOT ,225.35000000000002
JUMBO BAG PAISLEY PARK,224.76000000000002
PAPER BUNTING WHITE LACE,223.8
GLASS CLOCHE SMALL,223.11999999999998
VINTAGE DOILY JUMBO BAG RED ,222.68
SILVER T-LIGHT SETTING,220.15
SWEETHEART 3 TIER CAKE STAND ,219.94999999999996
WHITE ROCKING HORSE HAND PAINTED,219.76
LUNCH BAG SUKI DESIGN ,217.4
MIRRORED DISCO BALL ,216.90000000000003
GOLD MINI TAPE MEASURE ,216.0
JUMBO BAG SPACEBOY DESIGN,215.14
RED SPOT CERAMIC DRAWER KNOB,214.80999999999997
JINGLE BELL HEART ANTIQUE SILVER,214.8
SET 6 PAPER TABLE LANTERN STARS ,214.17
PAPERWEIGHT SAVE THE PLANET,210.0
3 TIER CAKE TIN GREEN AND CREAM,209.29999999999998
HAND WARMER SCOTTY DOG DESIGN,209.1
RED RETROSPOT PUDDING BOWL,208.75
RABBIT NIGHT LIGHT,208.40000000000003
HEART OF WICKER SMALL,207.95000000000002
HANGING HEART JAR T-LIGHT HOLDER,206.58999999999997
GLITTER HANGING BUTTERFLY STRING,205.26
LARGE CIRCULAR MIRROR MOBILE,204.20000000000002
LUNCH BAG  BLACK SKULL.,202.20000000000002
MIRROR MOSAIC T-LIGHT HOLDER ROUND,201.66000000000003
BAKING MOULD HEART MILK CHOCOLATE,201.6
CHARLOTTE BAG PINK POLKADOT,201.52999999999997
CAKE STAND LOVEBIRD 2 TIER WHITE,201.5
LANTERN CREAM GAZEBO ,200.84999999999997
CHRISTMAS METAL TAGS ASSORTED ,200.58
36 PENCILS TUBE RED RETROSPOT,200.0
ANTIQUE HEART SHELF UNIT,199.65000000000003
PACK OF 72 RETROSPOT CAKE CASES,199.38
RED KITCHEN SCALES,198.04999999999998
BAKING MOULD ROSE WHITE CHOCOLATE,198.0
BAKING MOULD ROSE MILK CHOCOLATE,198.0
COLOURED GLASS STAR T-LIGHT HOLDER,197.45999999999998
PAPER BUNTING RETROSPOT,196.4
RETROSPOT TEA SET CERAMIC 11 PC ,195.29999999999998
STRAWBERRY FAIRY CAKE TEAPOT,195.2
SET OF 20 VINTAGE CHRISTMAS NAPKINS,195.19
SCHOOL DESK AND CHAIR ,195.0
RETROSPOT LAMP,194.64999999999998
DOORMAT AIRMAIL ,194.07
DELUXE SEWING KIT ,193.35000000000002
RED DINER WALL CLOCK,192.95000000000002
T-LIGHT GLASS FLUTED ANTIQUE,192.75
RIBBON REEL SNOWY VILLAGE,190.5
HEART OF WICKER LARGE,189.50000000000003
ROSE COTTAGE KEEPSAKE BOX ,188.85
SWEETHEART CERAMIC TRINKET BOX,188.07999999999998
ALARM CLOCK BAKELIKE IVORY,187.5
HANGING METAL HEART LANTERN,186.9
HOMEMADE JAM SCENTED CANDLES,185.79999999999998
FAIRY CAKE BIRTHDAY CANDLE SET,183.75
FRIDGE MAGNETS US DINER ASSORTED,183.3
GLASS JAR DIGESTIVE BISCUITS,182.45
SMALL WHITE RETROSPOT MUG IN BOX ,180.5
PARISIENNE JEWELLERY DRAWER ,180.0
ALARM CLOCK BAKELIKE CHOCOLATE,180.0
FRIDGE MAGNETS LA VIE EN ROSE,179.05
BREAD BIN DINER STYLE PINK,176.45
COOKING SET RETROSPOT,174.18
SET OF 72 RETROSPOT PAPER  DOILIES,173.65
SAVOY ART DECO CLOCK,173.45000000000002
BROCADE RING PURSE ,172.8
COFFEE MUG APPLES DESIGN,171.14999999999998
WOOD BLACK BOARD ANT WHITE FINISH,170.95
SET OF 3 COLOURED  FLYING DUCKS,170.6
RED RETROSPOT CHARLOTTE BAG,170.31
LARGE WHITE HEART OF WICKER,169.84999999999997
PLEASE ONE PERSON METAL SIGN,169.7
GARDENERS KNEELING PAD KEEP CALM ,168.90000000000003
BLUE DINER WALL CLOCK,168.3
CHRISTMAS LIGHTS 10 VINTAGE BAUBLES,165.5
RED SPOTTY BISCUIT TIN,165.25
PAPER CHAIN KIT RETROSPOT,165.20000000000002
TRIPLE HOOK ANTIQUE IVORY ROSE,164.1
CREAM CUPID HEARTS COAT HANGER,162.49999999999997
COOK WITH WINE METAL SIGN ,161.1
DOORMAT TOPIARY,159.15
ROUND CAKE TIN VINTAGE RED,158.0
HOT WATER BOTTLE BABUSHKA ,157.65
RED RETROSPOT PICNIC BAG,157.10000000000002
PINK BABY BUNTING,157.0
MIRROR MOSAIC HURRICANE LAMP ,156.75
PHOTO FRAME CORNICE,156.35000000000002
CARDHOLDER GINGHAM CHRISTMAS TREE,156.05
LARGE CERAMIC TOP STORAGE JAR,154.5
REGENCY TEA PLATE PINK,154.3
EAU DE NILE JEWELLED PHOTOFRAME,153.75
ALARM CLOCK BAKELIKE GREEN,153.75
ALARM CLOCK BAKELIKE PINK,153.75
BLUE  DIAMANTE PEN IN GIFT BOX,153.0
RED HANGING HEART T-LIGHT HOLDER,152.95000000000002
S/15 SILVER GLASS BAUBLES IN BAG,152.64
NATURAL SLATE HEART CHALKBOARD ,152.6
BOX OF VINTAGE ALPHABET BLOCKS,151.35
FILIGREE HEART BIRD WHITE ,149.76
PAPER BUNTING COLOURED LACE,149.2
LARGE CAKE STAND  HANGING STRAWBERY,149.04999999999998
RETROSPOT LARGE MILK JUG,147.9
CHICK GREY HOT WATER BOTTLE,147.6
REGENCY TEA PLATE GREEN ,146.25
10 COLOUR SPACEBOY PEN,146.2
SET/3 RED GINGHAM ROSE STORAGE BOX,144.02999999999997
WHITE SPOT BLUE CERAMIC DRAWER KNOB,143.95
HOME SWEET HOME BLACKBOARD,143.54999999999998
BAKING SET SPACEBOY DESIGN,142.15
VINTAGE RED TRIM ENAMEL BOWL ,141.8
PARLOUR CERAMIC WALL HOOK,141.1
60 CAKE CASES VINTAGE CHRISTMAS,140.39999999999998
CHARLOTTE BAG VINTAGE ALPHABET ,140.25
ENAMEL MEASURING JUG CREAM,140.25
SET OF 6 T-LIGHTS SNOWMEN,140.1
WHITE METAL LANTERN,139.77
FIRST AID TIN,139.75
PLASTERS IN TIN SKULLS,138.60000000000002
CHARLOTTE BAG APPLES DESIGN,138.34
HEART WOODEN CHRISTMAS DECORATION,138.24
IVORY KITCHEN SCALES,137.7
SET OF 10 LANTERNS FAIRY LIGHT STAR,136.95000000000002
SET OF 3 BLACK FLYING DUCKS,136.79999999999998
SET3 BOOK BOX GREEN GINGHAM FLOWER ,136.25
PIGGY BANK RETROSPOT ,136.20000000000002
SPACEBOY TV DINNER TRAY,136.0
RETROSPOT PARTY BAG + STICKER SET,135.3
HAND OVER THE CHOCOLATE   SIGN ,135.22
ASSORTED COLOUR BIRD ORNAMENT,135.20000000000002
WOODEN BOX ADVENT CALENDAR ,135.2
LUNCH BAG WOODLAND,134.9
RETRO PLASTIC ELEPHANT TRAY,134.29999999999998
FRIDGE MAGNETS LES ENFANTS ASSORTED,134.0
CHARLIE + LOLA RED HOT WATER BOTTLE,133.5
HOT BATHS METAL SIGN,133.46
SOLDIERS EGG CUP ,132.78
ANTIQUE GLASS DRESSING TABLE POT,132.75
CABIN BAG VINTAGE RETROSPOT,132.55
RED STAR CARD HOLDER,132.14999999999998
KNICKERBOCKERGLORY MAGNET ASSORTED ,129.71000000000004
ANTIQUE SILVER BAUBLE LAMP  ,128.75
VICTORIAN  METAL POSTCARD SPRING,128.72
SET OF 16 VINTAGE ROSE CUTLERY,127.5
RED BABY BUNTING ,127.5
TEA FOR ONE POLKADOT,127.5
BISCUIT TIN VINTAGE RED,127.45
MINI PAINT SET VINTAGE ,127.39999999999998
BLUE ROSE FABRIC MIRROR,127.2
BATHROOM METAL SIGN,127.0
SET OF 4 JAM JAR MAGNETS,126.88
MIRROR MOSAIC VOTIVE HOLDER,126.36
WRAP CHRISTMAS VILLAGE,126.0
HOT STUFF HOT WATER BOTTLE,125.94
TOADSTOOL BEDSIDE LIGHT ,125.3
SET 10 NIGHT OWL LIGHTS,124.95
SET OF 5 LUCKY CAT MAGNETS ,124.8
GLASS  BEURRE DISH,124.57999999999998
PINK HAPPY BIRTHDAY BUNTING,124.1
PANTRY SCRUBBING BRUSH,124.05
VINTAGE RED ENAMEL TRIM JUG ,123.75
RECYCLING BAG RETROSPOT ,122.64999999999999
BLUE  VOILE LAMPSHADE,122.4
ZINC FOLKART SLEIGH BELLS,121.17000000000002
PAPER CHAIN KIT EMPIRE,120.95
WELCOME  WOODEN BLOCK LETTERS,119.4
SQUARE CHERRY BLOSSOM CABINET,119.0
DOLLY GIRL BABY GIFT SET,118.65
PICTURE FRAME WOOD TRIPLE PORTRAIT,118.65
HOME BUILDING BLOCK WORD,118.6
BISCUIT TIN 50'S CHRISTMAS,118.54
WOODEN SKITTLES GARDEN SET,118.25
ROUND SNACK BOXES SET OF4 WOODLAND ,118.00000000000001
SET OF 6 SPICE TINS PANTRY DESIGN,118.00000000000001
PANTRY WASHING UP BRUSH,117.55000000000001
MINT KITCHEN SCALES,117.21000000000001
CUPCAKE LACE PAPER SET 6,117.0
ALARM CLOCK BAKELIKE ORANGE,115.89
SET OF 4 KNICK KNACK TINS POPPIES,115.79999999999998
SET OF SALT AND PEPPER TOADSTOOLS,115.19
BLUE STRIPE CERAMIC DRAWER KNOB,115.00999999999999
BLUE HAPPY BIRTHDAY BUNTING,114.80000000000001
PHARMACIE FIRST AID TIN,114.75
ENCHANTED BIRD COATHANGER 5 HOOK,114.69
REGENCY SUGAR TONGS,114.4
FULL ENGLISH BREAKFAST PLATE,114.39
CHARLOTTE BAG SUKI DESIGN,113.59
GLITTER HEART GARLAND WITH BELLS ,112.5
WOODEN STAR CHRISTMAS SCANDINAVIAN,112.49
SET OF 4 KNICK KNACK TINS DOILY ,111.65
HAND WARMER BIRD DESIGN,111.3
ORGANISER WOOD ANTIQUE WHITE ,110.5
LUNCH BAG VINTAGE LEAF DESIGN,109.85
BLUE PARTY BAGS ,109.2
WICKER STAR ,109.19999999999999
RED RETROSPOT BUTTER DISH,108.95
PLASTERS IN TIN CIRCUS PARADE ,108.89999999999999
PAPER POCKET TRAVELING FAN ,108.28999999999999
WOODEN OWLS LIGHT GARLAND ,106.25
LIGHT GARLAND BUTTERFILES PINK,106.25
MAGNETS PACK OF 4 SWALLOWS,105.0
RED 3 PIECE RETROSPOT CUTLERY SET,105.0
ROLL WRAP 50'S CHRISTMAS,104.88
PARTY CONE CHRISTMAS DECORATION ,104.53
GREY HEART HOT WATER BOTTLE,104.25
PICNIC BOXES SET OF 3 RETROSPOT ,103.95
CHRISTMAS GINGHAM HEART,103.68
CHRISTMAS GINGHAM STAR,103.68
ROUND CAKE TIN VINTAGE GREEN,103.35000000000001
HANGING JAM JAR T-LIGHT HOLDER,103.33
SET 6 PAPER TABLE LANTERN HEARTS ,103.16
RED STRIPE CERAMIC DRAWER KNOB,102.66999999999999
MAGIC SHEEP WOOL GROWING FROM PAPER,102.0
 SPACEBOY BABY GIFT SET,101.69999999999999
DANISH ROSE PHOTO FRAME,101.45000000000002
ABC TREASURE BOOK BOX ,101.25
IF YOU CAN'T STAND THE HEAT MUG,100.07
PAPER LANTERN 9 POINT SNOW STAR,99.6
FELTCRAFT CHRISTMAS FAIRY,99.5
POTTING SHED TEA MUG,99.41
ENAMEL WATERING CAN CREAM,99.0
RETROSPOT HEART HOT WATER BOTTLE,99.0
SET OF 3 BUTTERFLY COOKIE CUTTERS,98.75
IVORY REFECTORY CLOCK,97.8
DOORMAT UNION FLAG,97.5
MULTI COLOUR SILVER T-LIGHT HOLDER,97.46000000000001
GLASS JAR PEACOCK BATH SALTS,97.34999999999998
LUNCH BAG APPLE DESIGN,97.14999999999999
WOODEN CROQUET GARDEN SET,97.0
BLUE SPOT CERAMIC DRAWER KNOB,96.25
CERAMIC CAKE BOWL + HANGING CAKES,96.2
SET OF 6 KASHMIR FOLKART BAUBLES,95.7
60 TEATIME FAIRY CAKE CASES,95.69999999999999
SET OF 3 HANGING OWLS OLLIE BEAK,95.41
WALL ART DOG LICENCE ,95.2
SET OF 4 KNICK KNACK TINS DOILEY ,95.05
JIGSAW TREE WITH BIRDHOUSE,95.05
36 PENCILS TUBE WOODLAND,93.75
"RECORD FRAME 7"" SINGLE SIZE ",93.75
PINK 3 PIECE POLKADOT CUTLERY SET,93.75
DAIRY MAID TRADITIONAL TEAPOT ,93.30000000000001
PANTRY MAGNETIC  SHOPPING LIST,92.79999999999998
SPACEBOY LUNCH BOX ,92.7
CHRISTMAS CRAFT LITTLE FRIENDS,92.4
VICTORIAN SEWING BOX SMALL ,92.2
JAM JAR WITH GREEN LID,90.85999999999999
RED METAL BOX TOP SECRET,90.75
GROW A FLYTRAP OR SUNFLOWER IN TIN,90.0
SET OF 3 HEART COOKIE CUTTERS,90.0
SET/10 RED POLKADOT PARTY CANDLES,90.0
SILVER ROCCOCO CHANDELIER,89.85
RED RETROSPOT ROUND CAKE TINS,89.55000000000001
SWEET HEART CAKE CARRIER,89.55000000000001
PINK METAL CHICKEN HEART ,89.4
ASSTD FRUIT+FLOWERS FRIDGE MAGNETS,89.28999999999999
IVORY GIANT GARDEN THERMOMETER,89.25
VINTAGE UNION JACK CUSHION COVER,89.1
MINI CAKE STAND WITH HANGING CAKES,88.85000000000001
SET OF 36 PAISLEY FLOWER DOILIES,88.44999999999999
VICTORIAN SEWING BOX MEDIUM,88.4
HEART DECORATION WITH PEARLS ,88.21
VINTAGE CREAM CAT FOOD CONTAINER,88.1
SWEETHEART WIRE WALL TIDY,87.9
VINTAGE RED ENAMEL TRIM PLATE,87.71000000000001
GROW YOUR OWN FLOWERS SET OF 3,87.45000000000002
WOODLAND CHARLOTTE BAG,87.4
LARGE CAKE STAND HANGING HEARTS,87.2
SET OF 6 RIBBONS VINTAGE CHRISTMAS,86.69999999999999
"WHITE TEA,COFFEE,SUGAR JARS",86.54000000000002
BOX OF VINTAGE JIGSAW BLOCKS ,85.19999999999999
SET OF 4 PANTRY JELLY MOULDS,85.0
RED  HARMONICA IN BOX ,83.75
SET OF 6 T-LIGHTS SANTA,83.69999999999999
GREEN GIANT GARDEN THERMOMETER,83.30000000000001
GYMKHANA TREASURE BOOK BOX,83.25
WOODEN HEART CHRISTMAS SCANDINAVIAN,83.05
PAPER LANTERN 5 POINT STAR MOON ,83.0
CHILDRENS CUTLERY DOLLY GIRL ,83.0
CHARLIE+LOLA PINK HOT WATER BOTTLE,82.6
DOORSTOP RETROSPOT HEART,82.5
BLUE POLKADOT WRAP,82.5
"BLACK TEA,COFFEE,SUGAR JARS",82.39999999999999
WOODEN TREE CHRISTMAS SCANDINAVIAN,81.6
STORAGE TIN VINTAGE DOILY ,80.92
RED RETROSPOT SMALL MILK JUG,80.69999999999999
TOADSTOOL MONEY BOX,80.19999999999999
ROCKING HORSE RED CHRISTMAS ,80.17
3 TRADITIONAl BISCUIT CUTTERS  SET,79.79999999999998
FELTCRAFT GIRL AMELIE KIT,79.2
HOME SWEET HOME CUSHION COVER ,78.75
"SET 3 RETROSPOT TEA,COFFEE,SUGAR",78.50000000000001
SWEETHEART RECIPE BOOK STAND,78.45
12 PENCILS SMALL TUBE RED RETROSPOT,78.0
SET 2 PANTRY DESIGN TEA TOWELS,78.0
LARGE ANTIQUE WHITE PHOTO FRAME,77.75
TOY TIDY SPACEBOY  ,77.7
DANISH ROSE DECORATIVE PLATE,77.7
WHITE SPOT RED CERAMIC DRAWER KNOB,77.55
TRAVEL CARD WALLET PANTRY,77.28
ZINC TOP  2 DOOR WOODEN SHELF ,76.75
OFFICE MUG WARMER POLKADOT,76.7
KINGS CHOICE BISCUIT TIN,76.5
WHEELBARROW FOR CHILDREN ,76.5
BLACK KITCHEN SCALES,76.5
PLASMATRONIC LAMP,76.5
SET OF 2 WOODEN MARKET CRATES,76.5
PIZZA PLATE IN BOX,76.25
RETROSPOT CHILDRENS APRON,76.05
DRAWER KNOB CRACKLE GLAZE IVORY,75.9
DAIRY MAID STRIPE MUG,75.64
HANGING BAUBLE T-LIGHT HOLDER SMALL,75.6
SET/3 POT PLANT CANDLES,75.30000000000001
BROCANTE SHELF WITH HOOKS,75.25
HEART WREATH DECORATION WITH BELL,75.0
DOUGHNUT LIP GLOSS ,75.0
DOLLY CABINET 3 DRAWERS ,74.75
"TRAY, BREAKFAST IN BED",74.7
TRAVEL CARD WALLET KEEP CALM,74.34
RED GINGHAM ROSE JEWELLERY BOX,74.1
CHRISTMAS HANGING STAR WITH BELL,73.75
GLASS  SONGBIRD STORAGE JAR,73.65
NO SINGING METAL SIGN,73.3
3 ROSE MORRIS BOXED CANDLES,73.0
WOODEN ADVENT CALENDAR RED,72.92
PINK HEARTS PAPER GARLAND,72.5
VINTAGE RED ENAMEL TRIM MUG ,72.5
VINTAGE SNAP CARDS,72.24999999999999
JAM JAR WITH PINK LID,72.11999999999999
SET 3 PAPER VINTAGE CHICK PAPER EGG,71.9
3 HEARTS HANGING DECORATION RUSTIC,71.75
CERAMIC PLATE STRAWBERRY DESIGN,71.52
RED RETROSPOT TEA CUP AND SAUCER ,71.25
ANTIQUE GLASS PEDESTAL BOWL,70.89
CARD HOLDER LOVE BIRD LARGE ,70.7
PARTY CONES CANDY ASSORTED,70.0
CHERUB HEART DECORATION SILVER ,69.72
WOOD STAMP SET FLOWERS,69.6
LARGE POPCORN HOLDER ,69.35
GARLAND WITH HEARTS AND BELLS,69.3
HOME SMALL WOOD LETTERS,69.3
APRON APPLE DELIGHT,69.3
CARD BILLBOARD FONT,68.76
GLASS STAR FROSTED T-LIGHT HOLDER,68.60000000000001
CHILDRENS APRON SPACEBOY DESIGN,68.25
MINI LIGHTS WOODLAND MUSHROOMS,68.1
BLACK DIAMANTE EXPANDABLE RING,68.0
PACK OF 12 CHRISTMAS FUN CARDS,67.85
SILVER CHRISTMAS TREE BAUBLE STAND ,67.8
RUSTIC STRAWBERRY JAM POT LARGE ,67.50999999999999
BISCUIT TIN VINTAGE GREEN,67.5
COSY HOUR CIGAR BOX MATCHES ,67.5
CERAMIC CAKE DESIGN SPOTTED MUG,67.05
CLOTHES PEGS RETROSPOT PACK 24 ,66.58
PAPER LANTERN 7 POINT SNOW STAR,66.5
RIBBON REEL CHRISTMAS PRESENT ,66.0
60 CAKE CASES DOLLY GIRL DESIGN,66.0
"FEATHER PEN,LIGHT PINK",65.88
CLASSIC CAFE SUGAR DISPENSER,65.61
SET OF 4 KNICK KNACK TINS LONDON ,65.6
CARRIAGE,65.0
RED RETROSPOT CHILDRENS UMBRELLA,65.0
PIG KEYRING WITH LIGHT & SOUND ,65.0
SET 3 SONG BIRD PAPER EGGS ASSORTED,64.89999999999999
TRADITIONAL KNITTING NANCY,64.75
FELTCRAFT GIRL NICOLE KIT,64.35000000000001
MOBILE VINTAGE HEARTS ,64.35000000000001
BULL DOG BOTTLE OPENER,64.35000000000001
CIRCUS PARADE LUNCH BOX ,64.35
SMALL WHITE HEART OF WICKER,64.35
VINTAGE CHRISTMAS BUNTING,64.35
DAIRY MAID LARGE MILK JUG,64.35
POLYESTER FILLER PAD 40x40cm,63.8
BOX OF 6 CHRISTMAS CAKE DECORATIONS,63.75
ASSORTED COLOUR MINI CASES,63.60000000000001
BLACK CANDELABRA T-LIGHT HOLDER,63.0
STRAWBERRY CHARLOTTE BAG,62.709999999999994
VINTAGE CHRISTMAS TABLECLOTH,62.5
STRAWBERRY BATH SPONGE ,62.5
SMALL BONNE JAM JAR  T-LIGHT HOLDER,62.400000000000006
72 SWEETHEART FAIRY CAKE CASES,62.14
RECIPE BOX BLUE SKETCHBOOK DESIGN,62.10000000000001
TEA PARTY BIRTHDAY CARD,61.92
FAIRY CAKES NOTEBOOK A6 SIZE,61.75
SET/10 BLUE POLKADOT PARTY CANDLES,61.25
SET/10 PINK POLKADOT PARTY CANDLES,61.25
STRIPEY CHOCOLATE NESTING BOXES,61.2
"FEATHER PEN,HOT PINK",61.2
OVEN MITT APPLES DESIGN,60.9
HANGING RIDGE GLASS T-LIGHT HOLDER,60.84
EUCALYPTUS & PINECONE  WREATH,60.75
BOYS ALPHABET IRON ON PATCHES,60.48
CHERRY BLOSSOM  DECORATIVE FLASK,60.0
SET OF 4 SANTA PLACE SETTINGS,60.0
ICE CREAM PEN LIP GLOSS ,60.0
FILIGREE HEART DAISY WHITE,60.0
DECORATIVE HANGING SHELVING UNIT,59.95
MIRROR CORNICE,59.8
WHITE HEART CONFETTI IN TUBE,59.760000000000005
SET OF 2 TRAYS HOME SWEET HOME,59.699999999999996
FOOT STOOL HOME SWEET HOME ,59.699999999999996
PINK DIAMANTE PEN IN GIFT BOX,59.4
COFFEE MUG CAT + BIRD DESIGN,59.4
GOLDIE LOOKING MIRROR,59.4
TRADITIONAL WOODEN SKIPPING ROPE,59.31999999999999
LUNCH BAG VINTAGE DOILY ,59.199999999999996
RED RETROSPOT PLATE ,59.150000000000006
HAND WARMER RED RETROSPOT,59.15
POTTERING MUG,58.9
SET OF 3 WOODEN HEART DECORATIONS,58.75
RED RETROSPOT MUG,58.6
BUTTON BOX ,58.5
EDWARDIAN PARASOL PINK,58.2
KNITTED UNION FLAG HOT WATER BOTTLE,58.0
CLASSIC FRENCH STYLE BASKET GREEN ,57.95
AIRLINE BAG VINTAGE TOKYO 78,57.78
NATURAL SLATE RECTANGLE CHALKBOARD,57.75
CORDIAL GLASS JUG,57.75
DOORMAT VINTAGE LEAF,57.45
FRENCH ENAMEL CANDLEHOLDER,57.16000000000001
SET OF 4 KNICK KNACK TINS LEAF,56.900000000000006
BROCANTE COAT RACK,56.8
WHITE GOOSE FEATHER CHRISTMAS TREE ,56.74999999999999
TOY TIDY PINK POLKADOT,56.449999999999996
BINGO SET,56.25
PACK OF 6 BIRDY GIFT TAGS,56.25
TREASURE TIN BUFFALO BILL ,56.16
PINK DOUGHNUT TRINKET POT ,56.14999999999999
CHILDREN'S SPACEBOY MUG,56.1
5 HOOK HANGER MAGIC TOADSTOOL,56.1
6 RIBBONS RUSTIC CHARM,56.099999999999994
PACK OF 60 PINK PAISLEY CAKE CASES,55.55
SCANDINAVIAN PAISLEY PICNIC BAG,55.349999999999994
BEACH HUT DESIGN BLACKBOARD,55.25
BLACK RECORD COVER FRAME,55.17
WHITE WIRE EGG HOLDER,55.1
JIGSAW TOADSTOOLS 3 PIECE,54.71999999999999
HAND WARMER UNION JACK,54.60000000000001
CHOCOLATE THIS WAY METAL SIGN,54.599999999999994
KNEELING MAT HOUSEWORK  DESIGN,54.24
WHITE CHERRY LIGHTS,54.0
BLACK CHERRY LIGHTS,54.0
SET 10 LIGHTS NIGHT OWL,54.0
PINK CHERRY LIGHTS,54.0
TRAVEL CARD WALLET SKULLS,53.760000000000005
TOOL BOX SOFT TOY ,53.7
EDWARDIAN PARASOL RED,53.550000000000004
BIRDS MOBILE VINTAGE DESIGN,53.550000000000004
LOVE HOT WATER BOTTLE,53.55
FRENCH CARRIAGE LANTERN,53.2
SET OF 6 T-LIGHTS EASTER CHICKS,53.1
METAL SIGN TAKE IT OR LEAVE IT ,53.099999999999994
EASTER TIN BUNNY BOUQUET,52.8
PINK SMALL GLASS CAKE STAND,52.65
WRAP 50'S  CHRISTMAS,52.5
SET OF 5 PANCAKE DAY MAGNETS,52.0
ASSTD DESIGN 3D PAPER STICKERS,51.0
CURIOUS  IMAGES NOTEBOOK SET,51.0
SET OF 16 VINTAGE PISTACHIO CUTLERY,51.0
LOVE LARGE WOOD LETTERS ,51.0
MULTICOLOUR 3D BALLS GARLAND,51.0
CIRCUS PARADE BABY GIFT SET,50.849999999999994
CAMOUFLAGE LED TORCH,50.7
FOUR HOOK  WHITE LOVEBIRDS,50.4
TOTE BAG I LOVE LONDON,50.4
T-LIGHT HOLDER HANGING LACE,50.0
EMERGENCY FIRST AID TIN ,50.0
CHILDRENS CUTLERY POLKADOT GREEN ,49.95
SET OF 5 MINI GROCERY MAGNETS,49.92
SPACEBOY ROCKET LOLLY MAKERS,49.92
TRIPLE WIRE HOOK IVORY HEART,49.8
VINTAGE COFFEE GRINDER BOX,49.8
6 GIFT TAGS 50'S CHRISTMAS ,49.8
KEY CABINET MA CAMPAGNE,49.75
 OVAL WALL MIRROR DIAMANTE ,49.75
SWEETHEART WALL TIDY ,49.75
RIBBON REEL HEARTS DESIGN ,49.5
GREEN METAL BOX ARMY SUPPLIES,49.5
DOORMAT SPOTTY HOME SWEET HOME,48.9
DOG BOWL CHASING BALL DESIGN,48.75
BLUE/CREAM STRIPE CUSHION COVER ,48.75
WALL ART 70'S ALPHABET ,48.7
PURPLE BOUDICCA LARGE BRACELET,48.65
SET OF 60 PANTRY DESIGN CAKE CASES ,48.4
DOORMAT HOME SWEET HOME BLUE ,48.3
DAIRY MAID TOASTRACK,48.190000000000005
REINDEER HEART DECORATION SILVER,48.14000000000001
PLASTERS IN TIN SPACEBOY,47.85
PLASTERS IN TIN WOODLAND ANIMALS,47.849999999999994
MAGIC DRAWING SLATE PURDEY,47.82
DOORMAT ENGLISH ROSE ,47.7
RED RETROSPOT MINI CASES,47.7
BLUE GIANT GARDEN THERMOMETER,47.6
CHILDRENS TOY COOKING UTENSIL SET,47.260000000000005
CINAMMON & ORANGE WREATH,47.25
STRAWBERRY   PICNIC BAG,47.2
CREAM SWEETHEART MAGAZINE RACK,46.849999999999994
ASSORTED TUTTI FRUTTI PEN,46.53999999999999
TEA TIME KITCHEN APRON,46.300000000000004
BISCUIT TIN VINTAGE CHRISTMAS,46.24
DRAWER KNOB CRACKLE GLAZE GREEN,46.2
JINGLE BELL HEART DECORATION,46.2
GOLD MUG BONE CHINA TREE OF LIFE,45.900000000000006
PEG BAG APPLES DESIGN,45.900000000000006
JUMBO BAG DOILEY PATTERNS,45.76
POLKADOT COFFEE CUP & SAUCER PINK,45.68
VINTAGE BILLBOARD LOVE/HATE MUG,45.66
BLUE POT PLANT CANDLE ,45.050000000000004
VINTAGE HEADS AND TAILS CARD GAME ,45.0
ENAMEL WASH BOWL CREAM,45.0
RED RETROSPOT STORAGE JAR,45.0
BUFFALO BILL TREASURE BOOK BOX,45.0
GLITTER STAR GARLAND WITH BELLS ,45.0
TREASURE ISLAND BOOK BOX,45.0
BLUE HARMONICA IN BOX ,45.0
COLOUR GLASS T-LIGHT HOLDER HANGING,44.849999999999994
PLASTERS IN TIN VINTAGE PAISLEY ,44.55
ROUND SNACK BOXES SET OF 4 SKULLS,44.25000000000001
PACK OF 20 NAPKINS PANTRY DESIGN,44.2
6 ROCKET BALLOONS ,44.2
CHEST 7 DRAWER MA CAMPAGNE,43.9
FRENCH STYLE EMBOSSED HEART CABINET,43.9
ZINC METAL HEART DECORATION,43.75
ZINC HERB GARDEN CONTAINER,43.75
RED VINTAGE SPOT BEAKER,43.349999999999994
FUNKY DIVA PEN,43.349999999999994
BLUE POLKADOT COFFEE MUG,43.29
RED RETROSPOT CUP,43.22
PINK DOG BOWL,43.0
RED RETROSPOT SHOPPER BAG,42.989999999999995
VINTAGE UNION JACK PENNANT,42.9
"FEATHER PEN,COAL BLACK",42.9
SET 40 HEART SHAPE PETIT FOUR CASES,42.9
I LOVE LONDON BEAKER,42.5
HEART FILIGREE DOVE  SMALL,42.5
MINI WOODEN HAPPY BIRTHDAY GARLAND,42.25
HANGING METAL STAR LANTERN,42.15
UNION JACK FLAG PASSPORT COVER ,42.0
CHRISTMAS TOILET ROLL,41.91
CERAMIC STRAWBERRY CAKE MONEY BANK,41.9
WALL ART STOP FOR TEA ,41.650000000000006
BLUE NEW BAROQUE CANDLESTICK CANDLE,41.65
BLUE VINTAGE SPOT BEAKER,41.65
GLASS CLOCHE LARGE,41.65
CHOCOLATE CALCULATOR,41.25
CACTI T-LIGHT CANDLES,41.160000000000004
CHARLIE LOLA BLUE HOT WATER BOTTLE ,40.95
DOORMAT BLACK FLOCK ,40.95
VINTAGE DONKEY TAIL GAME ,40.89
FELTCRAFT HAIRBAND PINK AND BLUE,40.800000000000004
LUNCH BOX WITH CUTLERY RETROSPOT ,40.8
LARGE WHITE/PINK ROSE ART FLOWER,40.56
JARDIN ETCHED GLASS FRUITBOWL,40.55
STORAGE TIN VINTAGE LEAF,40.46
CARD CHRISTMAS VILLAGE,40.32
JUMBO BAG TOYS ,40.309999999999995
HOME GARLAND PAINTED ZINC ,40.2
DOORMAT WELCOME PUPPIES,40.05
DOORMAT FANCY FONT HOME SWEET HOME,40.05
GROW YOUR OWN PLANT IN A CAN ,40.0
RED RETROSPOT TISSUE BOX,39.97
MEDINA STAMPED METAL STOOL,39.95
AREA PATROLLED METAL SIGN,39.9
VINTAGE UNION JACK MEMOBOARD,39.8
ZINC BOX SIGN HOME,39.8
RECIPE BOX WITH METAL HEART,39.75
SWEETHEART WIRE MAGAZINE RACK,39.75
SET OF 3 NOTEBOOKS IN PARCEL,39.6
ASSORTED TUTTI FRUTTI ROUND BOX,39.6
EMPIRE UNION JACK TV DINNER TRAY,39.6
SKULLS PARTY BAG + STICKER SET,39.599999999999994
HANGING QUILTED PATCHWORK APPLES,39.010000000000005
CHARLIE+LOLA RED HOT WATER BOTTLE ,39.0
SOAP DISH BROCANTE,38.35
ANTIQUE SILVER TEA GLASS ENGRAVED,38.29
PACK OF 12 RED RETROSPOT TISSUES ,38.28
VINTAGE CHRISTMAS STOCKING ,38.25
AMETHYST DIAMANTE EXPANDABLE RING,38.25
SET/3 ROSE CANDLE IN JEWELLED BOX,38.25
DISCO BALL ROTATOR BATTERY OPERATED,38.25
ASSORTED BOTTLE TOP  MAGNETS ,37.8
MINI CAKE STAND  HANGING STRAWBERY,37.75
QUEENS GUARD COFFEE MUG,37.64999999999999
GIANT 50'S CHRISTMAS CRACKER,37.57
DOLLY CABINET 2 DRAWERS ,37.5
ANTIQUE TALL SWIRLGLASS TRINKET POT,37.5
TEA TIME OVEN GLOVE,37.5
FRENCH BLUE METAL DOOR SIGN 5,37.5
CLEAR DRAWER KNOB ACRYLIC EDWARDIAN,37.5
MISTLETOE HEART WREATH GREEN,37.35
PINK POLKADOT GARDEN PARASOL,37.35
CHILDRENS CUTLERY CIRCUS PARADE,37.35
BLUE POLKADOT GARDEN PARASOL,37.35
SILVER ROCOCO CANDLE STICK,37.25
HOT BATHS SOAP HOLDER,37.18
SMALL POPCORN HOLDER,37.14
WOODEN ROUNDERS GARDEN SET ,36.9
BAG 125g SWIRLY MARBLES,36.54
ZINC T-LIGHT HOLDER STARS SMALL,36.52
RED RETROSPOT SUGAR JAM BOWL,36.449999999999996
CHILDREN'S CIRCUS PARADE MUG,36.3
GRAND CHOCOLATECANDLE,36.25
SKETCHBOOK MAGNETIC SHOPPING LIST,36.24999999999999
PACK OF 60 DINOSAUR CAKE CASES,36.06
3 TIER SWEETHEART GARDEN SHELF,35.95
CERAMIC STRAWBERRY DESIGN MUG,35.760000000000005
YELLOW GIANT GARDEN THERMOMETER,35.7
PACK OF 6 PANETTONE GIFT BOXES,35.7
POPPY'S PLAYHOUSE KITCHEN,35.7
BLACK/BLUE POLKADOT UMBRELLA,35.7
GLASS APOTHECARY BOTTLE ELIXIR,35.55
VINTAGE NOTEBOOK PARIS DAYS,35.4
SMALL SILVER TRELLIS CANDLEPOT,35.4
CANDLEHOLDER PINK HANGING HEART,35.4
STRAWBERRY LUNCH BOX WITH CUTLERY,35.24999999999999
SET OF 60 I LOVE LONDON CAKE CASES ,35.2
SPRIG LAVENDER ARTIFICIAL FLOWER,35.16
BALLOON PUMP WITH 10 BALLOONS,35.1
PURPLE DRAWERKNOB ACRYLIC EDWARDIAN,35.0
ICE CREAM SUNDAE LIP GLOSS,35.0
KINGS CHOICE MUG,35.0
GLASS JAR DAISY FRESH COTTON WOOL,35.0
PAINTED METAL STAR WITH HOLLY BELLS,34.8
HANGING CHICK CREAM DECORATION,34.8
ZINC HEARTS PLANT POT HOLDER,34.68
PLASTERS IN TIN STRONGMAN,34.65
MULTICOLOUR  CONFETTI IN TUBE,34.65
GARLAND WITH STARS AND BELLS,34.65
FELTCRAFT BOY JEAN-PAUL KIT,34.65
PINK VINTAGE PAISLEY PICNIC BAG,34.449999999999996
RED RETROSPOT APRON ,34.400000000000006
HYACINTH BULB T-LIGHT CANDLES,34.02
FRYING PAN RED RETROSPOT,34.0
RETROSPOT WOODEN HEART DECORATION,34.0
MEMO BOARD RETROSPOT  DESIGN,33.949999999999996
FRENCH KITCHEN SIGN BLUE METAL,33.75
SET OF 6 TEA TIME BAKING CASES,33.75
BLUE TILED TRAY,33.75
SET OF 4 ENGLISH ROSE PLACEMATS,33.75
CHRISTMAS CRAFT TREE TOP ANGEL,33.6
LONDON BUS COFFEE MUG,33.6
JIGSAW RABBIT AND BIRDHOUSE,33.59
COFFEE MUG DOG + BALL DESIGN,33.150000000000006
BAKING MOULD CHOCOLATE CUPCAKES,33.150000000000006
KINGS CHOICE GIANT TUBE MATCHES,33.15
RIBBON REEL STRIPES DESIGN ,33.0
MILK MAIDS MUG ,33.0
DRAWER KNOB CRACKLE GLAZE PINK,33.0
BULL DOG BOTTLE TOP WALL CLOCK,33.0
CHILDRENS DOLLY GIRL MUG,32.99999999999999
TRAVEL CARD WALLET UNION JACK,32.760000000000005
TRAVEL CARD WALLET FLOWER MEADOW,32.760000000000005
20 DOLLY PEGS RETROSPOT,32.7
WOODEN BOX OF DOMINOES,32.5
I CAN ONLY PLEASE ONE PERSON MUG,32.5
"FOLK ART GREETING CARD,pack/12",32.45
HEART GARLAND RUSTIC PADDED,32.45
CITRONELLA CANDLE FLOWERPOT,32.35
FELT EGG COSY LADYBIRD ,32.34
16 PIECE CUTLERY SET PANTRY DESIGN,31.9
DOORMAT NEW ENGLAND,31.8
6 EGG HOUSE PAINTED WOOD,31.8
GLASS APOTHECARY BOTTLE PERFUME,31.6
CREAM HEART CARD HOLDER,31.6
BAG 500g SWIRLY MARBLES,31.6
WRAP ALPHABET DESIGN,31.5
SPACEBOY GIFT WRAP,31.5
BLACK AND WHITE DOG BOWL,31.299999999999997
ASSORTED TUTTI FRUTTI HEART BOX,31.25
3 HOOK HANGER MAGIC GARDEN,31.199999999999996
CHRISTMAS STAR WISH LIST CHALKBOARD,30.72
TEA TIME DES TEA COSY,30.6
BIG DOUGHNUT FRIDGE MAGNETS,30.6
COFFEE MUG PEARS  DESIGN,30.6
RED RETROSPOT SHOPPING BAG,30.6
BUTTERFLY HAIR BAND,30.6
PINK FOXGLOVE ARTIIFCIAL FLOWER,30.6
PACK OF 6 SWEETIE GIFT BOXES,30.6
RETROSPOT CANDLE  SMALL,30.36
BLUE POLKADOT CUP,30.340000000000003
PACK OF 6 SMALL FRUIT STRAWS,30.240000000000002
BOUDOIR SQUARE TISSUE BOX,30.11
HOLIDAY FUN LUDO,30.0
MIDNIGHT BLUE VINTAGE EARRINGS,30.0
SET OF 2 CHRISTMAS DECOUPAGE CANDLE,30.0
FOOD COVER WITH BEADS SET 2 ,30.0
JUNGLE POPSICLES ICE LOLLY MOULDS,30.0
MAGNETS PACK OF 4 CHILDHOOD MEMORY,30.0
PINK CREAM FELT CRAFT TRINKET BOX ,30.0
PANTRY PASTRY BRUSH,30.0
ROLL WRAP VINTAGE CHRISTMAS,30.0
RED ROCKING HORSE HAND PAINTED,30.0
ROLL WRAP VINTAGE SPOT ,30.0
FRENCH BLUE METAL DOOR SIGN No,30.0
MOTHER'S KITCHEN SPOON REST ,30.0
SET/3 CHRISTMAS DECOUPAGE CANDLES,30.0
SET/10 IVORY POLKADOT PARTY CANDLES,30.0
FOLKART STAR CHRISTMAS DECORATIONS,30.0
TRIANGULAR POUFFE VINTAGE ,29.9
GLASS CAKE COVER AND PLATE,29.9
MOROCCAN BEATEN METAL DISH,29.85
VINTAGE UNION JACK DOORSTOP,29.75
BLUE PADDED SOFT MOBILE,29.75
YELLOW COAT RACK PARIS FASHION,29.700000000000003
RUSTIC STRAWBERRY JAM POT SMALL,29.700000000000003
OVERNIGHT BAG VINTAGE ROSE PAISLEY,29.700000000000003
OPEN CLOSED METAL SIGN,29.7
ENAMEL COLANDER CREAM,29.7
SET 6 SCHOOL MILK BOTTLES IN CRATE,29.64
PINK POT PLANT CANDLE,29.5
ANGEL DECORATION STARS ON DRESS,29.400000000000002
3 PIECE SPACEBOY COOKIE CUTTER SET,29.400000000000002
VINTAGE RED TEATIME MUG,29.38
PACK 3 BOXES CHRISTMAS PANNETONE,29.25
EASTER CRAFT 4 CHICKS ,29.25
YOU'RE CONFUSING ME METAL SIGN ,29.220000000000002
PHOTO FRAME LINEN AND LACE SMALL,29.12
DRAWER KNOB VINTAGE GLASS STAR,29.12
MUSICAL ZINC HEART DECORATION ,28.9
SILVER MUG BONE CHINA TREE OF LIFE,28.699999999999996
SMALL PINK GLASS SUNDAE DISH,28.56
S/4 PINK FLOWER CANDLES IN BOWL,28.05
FAIRY TALE COTTAGE NIGHT LIGHT,28.05
LUNCH BAG DOLLY GIRL DESIGN,28.049999999999997
ROUND CONTAINER SET OF 5 RETROSPOT,28.049999999999997
"KEY FOB , GARAGE DESIGN",27.949999999999996
RED HEARTS LIGHT CHAIN ,27.9
MR ROBOT SOFT TOY,27.8
RETRO COFFEE MUGS ASSORTED,27.8
GIN AND TONIC MUG,27.709999999999997
STRAWBERRY CERAMIC TRINKET POT,27.5
STRAWBERRY SHOPPER BAG,27.5
RED RETROSPOT BOWL,27.5
ANTIQUE IVORY WIRE BOWL SMALL,27.39
SET OF 20 KIDS COOKIE CUTTERS,27.3
MAN FLU METAL SIGN,27.3
I'M ON HOLIDAY METAL SIGN,27.3
POPPY'S PLAYHOUSE BEDROOM ,27.299999999999997
WATERING CAN PINK BUNNY,27.299999999999997
WHITE HANGING BEADS CANDLE HOLDER,27.25
HELLO SAILOR BLUE SOAP HOLDER,27.04
SKULLS  DESIGN  COTTON TOTE BAG,27.0
IVY HEART WREATH,27.0
SET OF 12 FAIRY CAKE BAKING CASES,26.560000000000002
STAR PORTABLE TABLE LIGHT ,26.55
PACK OF 72 SKULL CAKE CASES,26.4
HENRIETTA HEN MUG ,26.4
FRENCH BATHROOM SIGN BLUE METAL,26.4
CHERRY BLOSSOM DECORATIVE FLASK,26.25
ASSORTED EASTER DECORATIONS  BELLS,26.25
BELLE JARDINIERE CUSHION COVER,26.25
IVORY SWEETHEART WIRE LETTER RACK ,26.25
SPACEBOY CHILDRENS CUP,26.25
PHOTO FRAME LINEN AND LACE LARGE,26.25
WALL ART ANIMALS AND NATURE ,26.25
HANGING  BUTTERFLY T-LIGHT HOLDER,26.240000000000002
CHRISTMAS DECOUPAGE CANDLE,25.92
HAPPY EASTER HANGING DECORATION,25.89
GLASS BON BON JAR,25.65
VINYL RECORD FRAME SILVER,25.53
GARDENIA 3 WICK MORRIS BOXED CANDLE,25.5
GINGHAM HEART  DOORSTOP RED,25.5
CHOCOLATE 1 WICK MORRIS BOX CANDLE,25.5
AMBER DIAMANTE EXPANDABLE RING,25.5
 SET 2 TEA TOWELS I LOVE LONDON ,25.4
BLUE POLKADOT PLATE ,25.349999999999998
PACK OF 60 SPACEBOY CAKE CASES,25.299999999999997
POPPY'S PLAYHOUSE LIVINGROOM ,25.2
TOY TIDY DOLLY GIRL DESIGN,25.2
ASS FLORAL PRINT MULTI SCREWDRIVER,25.08
LE GRAND TRAY CHIC SET,25.0
CITRONELLA CANDLE GARDEN POT,25.0
LARGE STRIPES CHOCOLATE GIFT BAG,25.0
EGG FRYING PAN IVORY ,24.96
"RUSTIC WOODEN CABINET, GLASS DOORS",24.95
MISTLETOE HEART WREATH CREAM,24.9
TEA TIME TEAPOT IN GIFT BOX,24.849999999999998
RECYCLED ACAPULCO MAT RED,24.75
EASTER TIN CHICKS PINK DAISY,24.75
MEMO BOARD COTTAGE DESIGN,24.75
BLUE ROSE PATCH PURSE PINK BUTTERFL,24.75
BLUE COAT RACK PARIS FASHION,24.75
SMALL SQUARE CUT GLASS CANDLESTICK,24.75
TRAVEL SEWING KIT,24.749999999999996
CERAMIC HEART FAIRY CAKE MONEY BANK,24.449999999999996
DOORMAT WELCOME SUNRISE,24.15
DOORMAT MULTICOLOUR STRIPE,24.15
SMALL HEART MEASURING SPOONS,24.13
LARGE PINK GLASS SUNDAE DISH,24.0
CERAMIC CAKE DESIGN SPOTTED PLATE,23.889999999999997
DOORMAT HEARTS,23.85
WALL MIRROR RECTANGLE DIAMANTE PINK,23.85
FRUIT TREE AND BIRDS WALL PLAQUE,23.85
DOORMAT WELCOME TO OUR HOME,23.85
HANGING SPRING FLOWER EGG LARGE,23.8
LOVE BUILDING BLOCK WORD,23.8
WOODEN UNION JACK BUNTING,23.8
BEACH HUT SHELF W 3 DRAWERS,23.8
WALL ART VILLAGE SHOW ,23.8
DANISH ROSE TRINKET TRAYS,23.8
CHRISTMAS RETROSPOT STAR WOOD,23.799999999999997
ANTIQUE SILVER TEA GLASS ETCHED,23.75
EMBOSSED GLASS TEALIGHT HOLDER,23.75
GLASS APOTHECARY BOTTLE TONIC,23.7
GLASS HEART T-LIGHT HOLDER ,23.619999999999997
MEASURING TAPE BABUSHKA RED,23.6
FELTCRAFT DOLL ROSIE,23.6
KINGS CHOICE TEA CADDY ,23.6
MAKE YOUR OWN MONSOON CARD KIT,23.6
MAGIC GARDEN FELT GARLAND ,23.4
PINK NEW BAROQUECANDLESTICK CANDLE,23.299999999999997
BLUE PATCH PURSE PINK HEART,23.1
SMALL IVORY HEART WALL ORGANISER,23.0
SNOWSTORM PHOTO FRAME FRIDGE MAGNET,22.95
BLUE  TILE HOOK,22.95
CHILDRENS CUTLERY POLKADOT BLUE,22.9
STOOL HOME SWEET HOME ,22.9
PINK HEART SHAPE EGG FRYING PAN,22.7
DINOSAUR KEYRINGS ASSORTED,22.68
FRENCH ENAMEL WATER BASIN,22.5
WALL ART TREASURE AHOY ,22.5
WALL ART HORSE & PONY ,22.5
CHILDRENS CUTLERY RETROSPOT RED ,22.5
WALL ART BUFFALO BILL ,22.5
FELTCRAFT PRINCESS LOLA DOLL,22.5
LOLITA  DESIGN  COTTON TOTE BAG,22.5
PACK OF 6 LARGE FRUIT STRAWS ,22.32
SANDALWOOD FAN,22.099999999999998
LOVEBIRD HANGING DECORATION WHITE ,22.099999999999998
CHRISTMAS PUDDING TRINKET POT ,22.02
SINGLE ANTIQUE ROSE HOOK IVORY,21.75
SET OF 36 TEATIME PAPER DOILIES,21.749999999999996
BLACK PIRATE TREASURE CHEST,21.45
RIBBON REEL MAKING SNOWMEN ,21.45
JUMBO BAG DOLLY GIRL DESIGN,21.45
VINTAGE  2 METER FOLDING RULER,21.45
HEN HOUSE DECORATION,21.45
3 STRIPEY MICE FELTCRAFT,21.449999999999996
ROSE FOLKART HEART DECORATIONS,21.25
DOG BOWL VINTAGE CREAM,21.25
VINTAGE CARAVAN GIFT WRAP,21.0
WRAP CIRCUS PARADE,21.0
WRAP RED APPLES ,21.0
WRAP I LOVE LONDON ,21.0
RED RETROSPOT WRAP ,21.0
ENAMEL FIRE BUCKET CREAM,20.85
3 GARDENIA MORRIS BOXED CANDLES,20.75
VINTAGE BEAD PINK PURSE ,20.75
BLACK ENAMEL FLOWER RING,20.65
FIVE HEART HANGING DECORATION,20.65
FELTCRAFT DOLL EMILY,20.65
OFFICE MUG WARMER BLACK+SILVER ,20.65
TRAVEL CARD WALLET SUKI,20.580000000000002
BOYS VINTAGE TIN SEASIDE BUCKET,20.4
CHRISTMAS MUSICAL ZINC STAR,20.4
BEWARE OF THE CAT METAL SIGN ,20.28
HANGING HEART ZINC T-LIGHT HOLDER,20.2
ASSORTED CREEPY CRAWLIES,20.16
PINK  HEART CONFETTI IN TUBE,20.16
STAR DECORATION RUSTIC,20.16
FAIRY CAKES NOTEBOOK A7 SIZE,20.16
MAGIC DRAWING SLATE DINOSAUR,20.16
MAGIC DRAWING SLATE BUNNIES ,20.16
SILK PURSE BABUSHKA PINK,20.1
SMALL GLASS SUNDAE DISH CLEAR,20.07
ZINC  STAR T-LIGHT HOLDER ,20.0
36 PENCILS TUBE SKULLS,20.0
BIRDHOUSE DECORATION MAGIC GARDEN,20.0
SET 36 COLOUR PENCILS DOLLY GIRL,20.0
GLASS TWIST BON BON JAR,19.95
REX CASH+CARRY JUMBO SHOPPER,19.95
CHRISTMAS TREE HANGING GOLD,19.92
6 GIFT TAGS VINTAGE CHRISTMAS ,19.92
SHOE SHINE BOX ,19.9
CHUNKY SILVER NECKLACE PASTEL FLOWE,19.9
CAKE STAND LOVEBIRD 2 TIER PINK,19.9
RED DRAWER KNOB ACRYLIC EDWARDIAN,19.81
6 RIBBONS SHIMMERING PINKS ,19.8
GARDEN METAL SIGN ,19.8
6 RIBBONS ELEGANT CHRISTMAS ,19.8
GREEN CHRISTMAS TREE STRING 20LIGHT,19.8
HEART FILIGREE DOVE LARGE,19.8
RED COAT RACK PARIS FASHION,19.8
DAISY HAIR BAND,19.8
HI TEC ALPINE HAND WARMER,19.8
VINTAGE BEAD PINK SCARF ,19.8
HEART STRING MEMO HOLDER HANGING,19.75
IVORY WIRE KITCHEN ORGANISER,19.55
CAT BOWL VINTAGE CREAM,19.5
BABUSHKA LIGHTS STRING OF 10,19.45
HEART CALCULATOR,19.43
SET OF 4 PISTACHIO LOVEBIRD COASTER,18.96
FOLKART HEART NAPKIN RINGS,18.96
PARTY METAL SIGN ,18.849999999999998
VINTAGE LEAF MAGNETIC NOTEPAD,18.849999999999998
SET OF 72 PINK HEART PAPER DOILIES,18.849999999999998
ZINC  HEART T-LIGHT HOLDER,18.75
SCANDINAVIAN REDS RIBBONS,18.75
FLOWER VINE RAFFIA FOOD COVER,18.75
VINTAGE CHRISTMAS GIFT BAG LARGE ,18.75
RUSTIC MIRROR WITH LACE HEART,18.75
SMALL RED RETROSPOT WINDMILL,18.75
MILK PAN BLUE POLKADOT,18.75
PANTRY 3 HOOK ROLLING PIN HANGER,18.75
SET OF 3 WOODEN TREE DECORATIONS,18.75
HOME SWEET HOME KEY HOLDER,18.75
HANGING HEART WITH BELL,18.72
PINK/BLUE DISC/MIRROR STRING,18.72
KIDS RAIN MAC BLUE,18.5
BOTTLE BAG RETROSPOT ,18.45
S/6 WOODEN SKITTLES IN COTTON BAG,18.4
HANGING SPRING FLOWER EGG SMALL,18.39
WHITE BEADED GARLAND STRING 20LIGHT,18.25
SMALLFOLKART BAUBLE CHRISTMAS DEC,18.24
5 HOOK HANGER RED MAGIC TOADSTOOL,18.15
MINI JIGSAW SPACEBOY,18.06
DOCTOR'S BAG SOFT TOY,17.9
FLAG OF ST GEORGE CHAIR,17.85
PINK  POLKADOT CUP,17.85
BLUE CIRCLES DESIGN MONKEY DOLL,17.85
RUBY GLASS CLUSTER BRACELET,17.85
WASH BAG VINTAGE ROSE PAISLEY,17.85
GLAMOROUS  MUG,17.72
PAPER CHAIN KIT LONDON,17.700000000000003
CERAMIC BOWL WITH STRAWBERRY DESIGN,17.700000000000003
DROP DIAMANTE EARRINGS GREEN,17.7
AMBER DROP EARRINGS W LONG BEADS,17.7
DROP DIAMANTE EARRINGS PURPLE,17.7
VINTAGE NOTEBOOK TRAVELOGUE,17.7
HOME SWEET HOME METAL SIGN ,17.7
BLACK 3 BEAD DROP EARRINGS,17.7
WHITE ENAMEL FLOWER HAIR TIE,17.7
IVORY PILLAR CANDLE SILVER FLOCK,17.7
SET OF 2 ROUND TINS CAMEMBERT ,17.7
SET OF 2 TEA TOWELS APPLE AND PEARS,17.7
GREEN ENAMEL FLOWER HAIR TIE,17.7
2 DAISIES HAIR COMB,17.7
DROP DIAMANTE EARRINGS CRYSTAL,17.7
PAPER BUNTING PAISLEY PARK,17.7
MAKE YOUR OWN FLOWERPOWER CARD KIT,17.7
CLASSIC DIAMANTE EARRINGS JET,17.7
PURPLE ENAMEL FLOWER HAIR TIE,17.7
RED ENAMEL FLOWER RING,17.7
PINK ENAMEL FLOWER HAIR TIE,17.7
CAROUSEL DESIGN WASHBAG,17.55
CHOCOLATE BOX RIBBONS ,17.5
RED/CREAM STRIPE CUSHION COVER ,17.5
3D CHRISTMAS STAMPS STICKERS ,17.5
STORAGE TIN HOME SWEET HOME,17.43
PACK OF 12 PINK PAISLEY TISSUES ,17.4
36 DOILIES DOLLY GIRL,17.4
SET OF 2 CERAMIC CHRISTMAS REINDEER,17.4
NOEL GARLAND PAINTED ZINC ,17.4
CLASSIC CHROME BICYCLE BELL ,17.4
CERAMIC LOVE HEART MONEY BANK,17.4
SINGLE WIRE HOOK IVORY HEART,17.4
SINGLE WIRE HOOK PINK HEART,17.4
METAL SIGN DROP YOUR PANTS,17.34
EMBROIDERED RIBBON REEL RACHEL ,17.34
SWEETHEART CARRY-ALL BASKET,17.0
TALL ROCOCO CANDLE HOLDER,17.0
KIDS RAIN MAC PINK,17.0
DECORATION  PINK CHICK MAGIC GARDEN,17.0
DANISH ROSE ROUND SEWING BOX,17.0
AIRLINE BAG VINTAGE JET SET RED,17.0
CAKE STAND WHITE TWO TIER LACE,17.0
BLACK DINER WALL CLOCK,17.0
NEW BAROQUE B'FLY NECKLACE RED,17.0
CAKE STAND VICTORIAN FILIGREE LARGE,17.0
ROUND STORAGE TIN VINTAGE LEAF,16.95
CHRISTMAS TREE PAINTED ZINC ,16.93
RETRO PLASTIC POLKA TRAY,16.919999999999998
"METAL SIGN,CUPCAKE SINGLE HOOK",16.8
HEART SHAPE WIRELESS DOORBELL,16.8
LARGE RED RETROSPOT WINDMILL,16.8
GLASS CHALICE BLUE SMALL ,16.71
ICE CREAM BUBBLES,16.6
CARD HOLDER LOVE BIRD SMALL,16.6
SWEETHEART BIRD HOUSE,16.6
DENIM PATCH PURSE PINK BUTTERFLY,16.5
SKULL SHOULDER BAG,16.5
LUNCH BAG PAISLEY PARK  ,16.5
RECYCLED ACAPULCO MAT BLUE,16.5
RIBBON REEL CHRISTMAS SOCK BAUBLE,16.5
RIBBON REEL POLKADOTS ,16.5
RIBBON REEL FLORA + FAUNA ,16.5
WALL ART CLASSIC PUDDINGS ,16.5
EASTER TIN KEEPSAKE,16.5
FRENCH STYLE STORAGE JAR BONBONS,16.49
TRAVEL CARD WALLET TRANSPORT,16.38
IVORY RETRO KITCHEN WALL CLOCK,16.3
CIRCUS PARADE CHILDRENS EGG CUP ,16.25
BLUE DRAWER KNOB ACRYLIC EDWARDIAN,16.25
HEART T-LIGHT HOLDER,16.25
FRENCH BLUE METAL DOOR SIGN 9,16.25
FRENCH TOILET SIGN BLUE METAL,16.25
TRADITIONAL WOODEN CATCH CUP GAME ,16.25
DOORMAT NEIGHBOURHOOD WITCH ,16.2
12 PENCILS TALL TUBE WOODLAND,16.15
ROSE SCENT CANDLE IN JEWELLED BOX,16.12
PASTEL COLOUR HONEYCOMB FAN,15.989999999999998
CHRISTMAS CRAFT WHITE FAIRY ,15.95
PACK OF 60 MUSHROOM CAKE CASES,15.95
GROW YOUR OWN HERBS SET OF 3,15.9
DOORMAT RESPECTABLE HOUSE,15.9
DOORMAT 3 SMILEY CATS,15.9
SAVE THE PLANET COTTON TOTE BAG,15.75
WATERING CAN BLUE ELEPHANT,15.6
ASSORTED SHAPES PHOTO CLIP SILVER ,15.6
RETROSPOT CANDLE  MEDIUM,15.6
YELLOW EASTER EGG HUNT START POST,15.6
WHITE GOOSE FEATHER TREE 60CM ,15.6
PINK DAISY BAG CHARM,15.3
PAPERWEIGHT KINGS CHOICE ,15.3
PARTY PIZZA DISH BLUE POLKADOT,15.3
DAISY HAIR COMB,15.3
PARTY PIZZA DISH RED RETROSPOT,15.3
BLUE JUICY FRUIT PHOTO FRAME,15.3
NECKLACE+BRACELET PINK BUTTERFLY,15.3
PAIR OF PINK FLOWER CLUSTER SLIDE,15.3
STRIPES DESIGN TEDDY,15.3
WHITE FRANGIPANI NECKLACE,15.3
12 PINK HEN+CHICKS IN BASKET,15.3
PAINTED METAL PEARS ASSORTED,15.209999999999999
GREEN VINTAGE SPOT BEAKER,15.169999999999998
GIN & TONIC DIET GREETING CARD ,15.120000000000001
CHRISTMAS TREE DECORATION WITH BELL,15.12
SET OF 6 HALLOWEEN GHOST T-LIGHTS,15.12
FINE WICKER HEART ,15.0
ROLL WRAP 50'S RED CHRISTMAS ,15.0
DOLLY GIRL CHILDRENS BOWL,15.0
CHILDRENS CUTLERY POLKADOT PINK,15.0
REGENCY CAKE FORK,15.0
SET/4 SKULL BADGES,15.0
MODERN FLORAL STATIONERY SET,15.0
FRENCH BLUE METAL DOOR SIGN 8,15.0
BOHEMIAN COLLAGE STATIONERY SET,15.0
SET OF 9 HEART SHAPED BALLOONS,15.0
FRYING PAN PINK POLKADOT,15.0
SET OF 6 SOLDIER SKITTLES,15.0
EDWARDIAN DROP EARRINGS JET BLACK,15.0
IVORY LOVE BIRD CANDLE,15.0
SET OF 3 WOODEN STOCKING DECORATION,15.0
SMALL SKULL WINDMILL,15.0
FRENCH GARDEN SIGN BLUE METAL,15.0
BLUE POLKADOT BOWL,15.0
MOTORING TISSUE BOX,15.0
EAU DE NIL LOVE BIRD CANDLE,15.0
GAOLERS KEYS DECORATIVE GARDEN ,15.0
STAR WREATH DECORATION WITH BELL,15.0
MIDNIGHT BLUE PAIR HEART HAIR SLIDE,15.0
PACKING CHARGE,15.0
ROSE COLOUR PAIR HEART HAIR SLIDES,15.0
Next Day Carriage,15.0
3 WICK CHRISTMAS BRIAR CANDLE ,15.0
IVORY WICKER HEART MEDIUM,15.0
VINTAGE RED MUG,15.0
FLORAL FOLK STATIONERY SET,15.0
MAGNETS PACK OF 4 RETRO PHOTO,15.0
MAGNETS PACK OF 4 VINTAGE COLLAGE,15.0
RED RETROSPOT LUGGAGE TAG,15.0
CRYSTAL PAIR HEART HAIR SLIDES,15.0
MAGNETS PACK OF 4 VINTAGE LABELS ,15.0
LE JARDIN BOTANIQUE CUSHION COVER,15.0
STRAWBERRY RAFFIA FOOD COVER,15.0
ZINC SWEETHEART WIRE LETTER RACK,15.0
GREEN PAIR HEART HAIR SLIDES,15.0
TRADITIONAL CHRISTMAS RIBBONS,15.0
ASSORTED TUTTI FRUTTI MIRROR,15.0
HEART MIRROR ANTIQUE WHITE,15.0
DOVE DECORATION PAINTED ZINC ,14.95
CREAM SWEETHEART EGG HOLDER,14.850000000000001
ANTIQUE LILY FAIRY LIGHTS,14.850000000000001
CAKE STAND VICTORIAN FILIGREE SMALL,14.850000000000001
VINTAGE LEAF CHOPPING BOARD  ,14.850000000000001
LARGE MEDINA STAMPED METAL BOWL ,14.85
SET/3 POLKADOT STACKING TINS,14.85
SET/3 DECOUPAGE STACKING TINS,14.85
FRENCH BLUE METAL DOOR SIGN 6,14.81
WOODLAND STORAGE BOX LARGE ,14.75
PINK GLASS CANDLEHOLDER,14.75
GLASS CHALICE GREEN  LARGE ,14.7
GREEN CHRISTMAS TREE CARD HOLDER,14.7
VINTAGE CREAM 3 BASKET CAKE STAND,14.6
TREASURE TIN GYMKHANA DESIGN,14.56
DOILEY STORAGE TIN,14.450000000000001
JAM CLOCK MAGNET,14.45
SET/20 RED RETROSPOT PAPER NAPKINS ,14.45
PACK OF 12 SPACEBOY TISSUES,14.43
TEA PARTY  WRAPPING PAPER ,14.28
S/4 CACTI CANDLES,14.149999999999999
SET/6 COLLAGE PAPER PLATES,14.04
PACK OF 12 VINTAGE DOILY TISSUES,14.04
ORANGE VOTIVE CANDLE,13.92
TEA TIME TEA SET IN GIFT BOX,13.9
CRACKED GLAZE NECKLACE IVORY,13.9
SILVER FISHING GNOME ,13.9
FRENCH BLUE METAL DOOR SIGN 7,13.75
FRENCH BLUE METAL DOOR SIGN 3,13.75
FRENCH BLUE METAL DOOR SIGN 2,13.75
FRENCH BLUE METAL DOOR SIGN 1,13.75
CRYSTAL STUD EARRINGS ASSORTED COL ,13.68
CRYSTAL STUD EARRINGS CLEAR DISPLAY,13.68
AGED GLASS SILVER T-LIGHT HOLDER,13.65
JIGSAW TREE WITH WATERING CAN,13.529999999999998
PINK  POLKADOT PLATE ,13.52
LARGE CAKE TOWEL PINK SPOTS,13.5
DECORATIVE PLANT POT WITH FRIEZE,13.5
ENGLISH ROSE NOTEBOOK A7 SIZE,13.44
PAIR OF ENAMEL BUTTERFLY HAIRCLIP,13.4
NATURAL HANGING QUILTED HEARTS ,13.280000000000001
RED SPOT PAPER GIFT BAG,13.12
CERAMIC CHERRY CAKE MONEY BANK,13.049999999999999
DRAWER KNOB CERAMIC IVORY,13.049999999999999
BOX OF 24 COCKTAIL PARASOLS,13.02
12 COLOURED PARTY BALLOONS,13.0
POPART RECT PENCIL SHARPENER ASST,12.96
4 TRADITIONAL SPINNING TOPS,12.9
SET/3 OCEAN SCENT CANDLE JEWEL BOX,12.75
SET/6 FROG PRINCE T-LIGHT CANDLES,12.75
12 EGG HOUSE PAINTED WOOD,12.75
SUNFLOWER DECORATIVE PARASOL,12.75
BLACK BAROQUE WALL CLOCK ,12.75
CARNIVAL BRACELET,12.75
SET OF 16 VINTAGE RED CUTLERY,12.75
"DIAMANTE HEART SHAPED WALL MIRROR, ",12.75
LONG SILVER NECKLACE PASTEL FLOWER,12.75
ENGLISH ROSE HOT WATER BOTTLE,12.75
CREAM SWEETHEART TRAYS,12.75
VINTAGE KEEPSAKE BOX PINK FLOWER,12.7
POPPY'S PLAYHOUSE BATHROOM,12.6
PURPLE ENAMEL+GLASS HAIR COMB,12.6
LARGE BLUE PROVENCAL CERAMIC BALL,12.6
TRAVEL CARD WALLET RETROSPOT,12.6
SLEEPING CAT ERASERS,12.6
PINK PARTY BAGS,12.6
SPACEBOY CHILDRENS BOWL,12.5
FRENCH BLUE METAL DOOR SIGN 4,12.5
DOLLY GIRL CHILDRENS CUP,12.5
FRENCH BLUE METAL DOOR SIGN 0,12.5
GEORGIAN TRINKET BOX,12.5
APOTHECARY MEASURING JAR,12.5
LARGE DECO JEWELLERY STAND,12.5
LAVENDER SCENTED FABRIC HEART,12.5
LANDMARK FRAME COVENT GARDEN ,12.5
SHELF WITH 4 HOOKS HOME SWEET HOME,12.5
EMBOSSED HEART TRINKET BOX,12.48
EMBROIDERED RIBBON REEL SUSIE ,12.48
EMBROIDERED RIBBON REEL SALLY ,12.48
DRAWER KNOB VINTAGE GLASS BALL,12.48
EGG FRYING PAN RED ,12.48
SET OF 4 KNICK KNACK TINS LEAVES ,12.450000000000001
LADIES & GENTLEMEN METAL SIGN,12.3
STAR DECORATION PAINTED ZINC ,12.27
WHITE BAMBOO RIBS LAMPSHADE,12.16
JET BLACK LAS VEGAS NECKLACE 45CM,11.9
CREAM WALL PLANTER HEART SHAPED,11.9
BATH BUILDING BLOCK WORD,11.9
RED RETROSPOT UMBRELLA,11.9
CLASSIC FRENCH STYLE BASKET NATURAL,11.850000000000001
FLYING PIG WATERING CAN,11.8
WHITE LOVEBIRD LANTERN,11.8
SET OF 2 ROUND TINS DUTCH CHEESE,11.8
PURPLE ENAMEL FLOWER RING,11.8
PACK 3 BOXES CHRISTMAS PANETTONE,11.7
METAL MERRY CHRISTMAS WREATH,11.7
T-LIGHT HOLDER SILVER HEART HANDLE,11.7
BOX OF 9 PEBBLE CANDLES,11.7
CHERUB HEART DECORATION GOLD,11.620000000000001
TOILET SIGN OCCUPIED OR VACANT,11.62
WOOD STAMP SET THANK YOU,11.610000000000001
DRAWER KNOB CRACKLE GLAZE BLUE,11.55
SINGLE HEART ZINC T-LIGHT HOLDER,11.4
VINTAGE DOILY TRAVEL SEWING KIT,11.399999999999999
BEADED PEARL HEART WHITE ON STICK,11.27
FRAPPUCINO SCARF KNITTING KIT,11.25
T-LIGHT HOLDER HANGING LOVE BIRD,11.25
PINK FLORAL FELTCRAFT SHOULDER BAG,11.25
VINTAGE SEASIDE JIGSAW PUZZLES,11.25
LETTER HOLDER HOME SWEET HOME,11.25
BLACK LOVE BIRD T-LIGHT HOLDER,11.25
36 PENCILS TUBE POSY,11.25
CARAVAN SQUARE TISSUE BOX,11.25
GUMBALL MONOCHROME COAT RACK,11.17
TOILET METAL SIGN,11.16
LADS ONLY TISSUE BOX,11.06
RECTANGULAR SHAPED MIRROR,11.06
PAINTED YELLOW WOODEN DAISY,11.05
BLUE CHENILLE SHAGGY CUSHION COVER ,11.05
SET 20 NAPKINS FAIRY CAKES DESIGN ,11.049999999999999
CHRISTMAS RETROSPOT TREE WOOD,11.049999999999999
PACK OF 6 SANDCASTLE FLAGS ASSORTED,11.049999999999999
WRAP VINTAGE LEAF DESIGN,10.92
TRAVEL CARD WALLET VINTAGE TICKET,10.92
ENAMEL BLUE RIM COFFEE CONTAINER,10.790000000000001
SET OF 6 SNACK LOAF BAKING CASES,10.79
CHARLOTTE BAG DOLLY GIRL DESIGN,10.79
SET OF 12 MINI LOAF BAKING CASES,10.79
MINIATURE ANTIQUE ROSE HOOK IVORY,10.79
TEA TIME CAKE STAND IN GIFT BOX,10.75
SKULLS AND CROSSBONES WRAP,10.5
WRAP ENGLISH ROSE ,10.5
EMPIRE GIFT WRAP,10.5
BOTANICAL LILY GIFT WRAP,10.5
CARD DOLLY GIRL ,10.5
BLUE BLOSSOM HAIR CLIP,10.5
WHITE SAGE INCENSE,10.5
BIRTHDAY BANQUET GIFT WRAP,10.5
CHILDREN'S APRON DOLLY GIRL ,10.5
PINK PAISLEY ROSE GIFT WRAP,10.5
WRAP CHRISTMAS SCREEN PRINT,10.5
WRAP COWBOYS  ,10.5
WRAP DOLLY GIRL,10.5
WRAP GREEN PEARS ,10.5
WRAP GINGHAM ROSE ,10.5
WRAP POPPIES  DESIGN,10.5
WRAP SUKI AND FRIENDS,10.5
WRAP VINTAGE PETALS  DESIGN,10.5
ZINC T-LIGHT HOLDER STAR LARGE,10.45
EMBROIDERED RIBBON REEL EMILY ,10.4
SET 12 COLOUR PENCILS SPACEBOY ,10.4
SKULL LUNCH BOX WITH CUTLERY ,10.2
TEA BAG PLATE RED RETROSPOT,10.2
CHILDS GARDEN FORK PINK,10.2
RETRO MOD TRAY,10.2
RED LOVE HEART SHAPE CUP,10.2
FLUTED ANTIQUE CANDLE HOLDER,10.2
ENVELOPE 50 BLOSSOM IMAGES,10.2
PAPERWEIGHT VINTAGE COLLAGE,10.2
PARTY INVITES DINOSAURS,10.2
BIRD DECORATION GREEN POLKADOT,10.2
METAL DECORATION NAUGHTY CHILDREN ,10.2
CHILDS GARDEN FORK BLUE ,10.2
RETRO PLASTIC DAISY TRAY,10.2
PARTY INVITES WOODLAND,10.2
DANISH ROSE DELUXE COASTER,10.2
PURPLE FOXGLOVE ARTIIFCIAL FLOWER,10.2
SKULLS DESIGN FLANNEL,10.2
PACK OF 12 COLOURED PENCILS,10.2
FRENCH FLORAL CUSHION COVER ,10.2
FRENCH LATTICE CUSHION COVER ,10.2
HEARTS  STICKERS,10.2
ZINC WILLIE WINKIE  CANDLE STICK,10.2
METAL SIGN HIS DINNER IS SERVED,10.2
BUTTERFLIES STICKERS,10.2
SET OF 36 DOILIES PANTRY DESIGN,10.149999999999999
CARD CAT AND TREE ,10.08
SET 12 RETRO WHITE CHALK STICKS,10.08
MAGIC DRAWING SLATE BAKE A CAKE ,10.08
MAGIC DRAWING SLATE DOLLY GIRL ,10.08
SMALL HANGING IVORY/RED WOOD BIRD,10.08
REINDEER HEART DECORATION GOLD,9.96
FRENCH PAISLEY CUSHION COVER,9.96
WOOD STAMP SET HAPPY BIRTHDAY,9.96
CHRISTMAS TREE HANGING SILVER ,9.96
RED REFECTORY CLOCK ,9.95
RED RETROSPOT BIG BOWL,9.9
DIAMANTE HAIR GRIP PACK/2 CRYSTAL,9.9
TV DINNER TRAY DOLLY GIRL,9.9
DIAMANTE HAIR GRIP PACK/2 BLACK DIA,9.9
DIAMANTE HAIR GRIP PACK/2 LT ROSE,9.9
DIAMANTE HAIR GRIP PACK/2 PERIDOT,9.9
TRADTIONAL ALPHABET STAMP SET,9.9
JADE DROP EARRINGS W FILIGREE,9.9
DIAMANTE HAIR GRIP PACK/2 MONTANA,9.9
DIAMANTE HAIR GRIP PACK/2 RUBY,9.9
FRENCH CHATEAU LARGE PLATTER ,9.75
CHARLIE AND LOLA FIGURES TINS,9.75
POTTING SHED TWINE,9.75
ENGLISH ROSE GARDEN SECATEURS,9.48
PACK OF 12 VINTAGE CHRISTMAS TISSUE,9.36
MOODY GIRL DOOR HANGER ,9.36
CINAMMON SET OF 9 T-LIGHTS,9.35
CREAM SWEETHEART LETTER RACK,9.3
POLKADOT RAIN HAT ,9.24
FRENCH STYLE STORAGE JAR CAFE ,9.24
GRASS HOPPER WOODEN WALL CLOCK ,9.11
CHOC TRUFFLE GOLD TRINKET POT ,9.1
MIRRORED WALL ART SNOWFLAKES,9.0
FLOOR CUSHION ELEPHANT CARNIVAL,8.95
CAKE STAND VICTORIAN FILIGREE MED,8.95
RED RETROSPOT OVEN GLOVE DOUBLE,8.850000000000001
GLASS JAR KINGS CHOICE,8.850000000000001
BAKING MOULD EASTER EGG WHITE CHOC,8.85
SILVER GLASS T-LIGHT SET,8.85
MINI CAKE STAND T-LIGHT HOLDER,8.82
 DOLLY GIRL BEAKER,8.75
EMPIRE TISSUE BOX,8.75
FELT FARM ANIMAL RABBIT,8.75
DRAWER KNOB CERAMIC BLACK,8.7
PANTRY APPLE CORER,8.7
SET OF 36 SPACEBOY PAPER DOILIES,8.7
SET OF 2 CERAMIC PAINTED HEARTS ,8.7
PIECE OF CAMO STATIONERY SET,8.64
RED POLKADOT BEAKER ,8.58
ROSE SCENT CANDLE JEWELLED DRAWER,8.5
MINT DINER WALL CLOCK,8.5
ORANGE SCENTED SET/9 T-LIGHTS,8.5
SPOTTY PINK DUCK DOORSTOP,8.5
PACK OF 20 SPACEBOY NAPKINS,8.5
SET OF 9 BLACK SKULL BALLOONS,8.5
BOX OF 6 ASSORTED COLOUR TEASPOONS,8.5
FRYING PAN BLUE POLKADOT,8.5
LARGE HANGING IVORY & RED WOOD BIRD,8.45
PACK OF 6 SKULL PAPER CUPS,8.45
BUNNY EGG GARLAND,8.4
METAL SIGN CUPCAKE SINGLE HOOK,8.4
FRENCH ENAMEL POT W LID,8.4
WOODLAND STORAGE BOX SMALL,8.4
MULTICOLOUR HONEYCOMB FAN,8.33
SPACEBOY MINI BACKPACK,8.3
THREE MINI HANGING FRAMES,8.3
MEDIUM PARLOUR PICTURE FRAME ,8.3
SMALL DECO JEWELLERY STAND,8.25
RECYCLED ACAPULCO MAT GREEN,8.25
VINTAGE JINGLE BELLS HEART,8.25
HOME SWEET HOME HOOK,8.25
LARGE IVORY HEART WALL ORGANISER,8.25
RECYCLED ACAPULCO MAT TURQUOISE,8.25
WALL ART MID CENTURY MODERN ,8.25
TUSCAN VILLA DOVECOTE BIRD FEEDER,8.25
RECYCLED ACAPULCO MAT PINK,8.25
RECYCLED ACAPULCO MAT LAVENDER,8.25
PACK OF 12 LONDON TISSUES ,8.16
CURIO CABINET LINEN AND LACE ,8.15
PINK  HEART SHAPE LOVE BUCKET ,8.05
PURPLE PAPER PARASOL,8.05
SET/6 PINK BIRD T-LIGHT CANDLES,8.0
CREAM SWEETHEART SHELF + HOOKS,7.95
NEW BAROQUE JEWELLERY BOX ,7.95
RED DRAGONFLY HELICOPTER,7.95
BLUE DRAGONFLY HELICOPTER,7.95
RELAX LARGE WOOD LETTERS,7.9
3 RAFFIA RIBBONS 50'S CHRISTMAS ,7.9
SET OF 6 HERB TINS SKETCHBOOK,7.9
SET/4 BIRD MIRROR MAGNETS ,7.83
SCOTTIES DESIGN WASHBAG,7.8
HERB MARKER CHIVES ,7.8
HERB MARKER MINT,7.8
FAIRY TALE COTTAGE NIGHTLIGHT,7.8
HERB MARKER PARSLEY,7.8
HERB MARKER THYME,7.8
HERB MARKER ROSEMARY,7.8
GIFT BAG PSYCHEDELIC APPLES,7.8
YULETIDE IMAGES GIFT WRAP SET,7.8
RED RETROSPOT TAPE,7.8
CURIOUS IMAGES GIFT WRAP SET,7.8
VINTAGE KITCHEN PRINT FRUITS,7.65
BLUE SCOTTIE DOG W FLOWER PATTERN,7.65
SPACEBOY BEAKER,7.5
CARDHOLDER HOLLY WREATH METAL,7.5
POLKA DOT RAFFIA FOOD COVER,7.5
MILK PAN RED RETROSPOT,7.5
DECORATIVE WICKER HEART MEDIUM,7.5
GREEN POLKADOT BOWL,7.5
SILVER BRACELET W PASTEL FLOWER,7.5
FELTCRAFT PRINCESS OLIVIA DOLL,7.5
FILIGREE HEART BUTTERFLY WHITE ,7.5
CLASSIC DIAMANTE NECKLACE JET,7.5
UNION STRIPE CUSHION COVER ,7.5
BIRDCAGE DECORATION TEALIGHT HOLDER,7.5
CHERRY CROCHET FOOD COVER,7.5
REGENCY TEA SPOON,7.5
DIAMANTE NECKLACE PURPLE,7.5
SMALL PARISIENNE HEART PHOTO FRAME ,7.470000000000001
VINTAGE GLASS T-LIGHT HOLDER,7.47
DECORATION SITTING BUNNY,7.41
SET/4 DAISY MIRROR MAGNETS,7.32
SET OF 72 GREEN PAPER DOILIES,7.25
PSYCHEDELIC TILE COASTER,6.96
12 PENCILS TALL TUBE POSY,6.96
PACK OF 12 BLUE PAISLEY TISSUES ,6.96
PEACE WOODEN BLOCK LETTERS,6.95
AFGHAN SLIPPER SOCK PAIR,6.9
PENS ASSORTED SPACEBALL,6.84
PEACE SMALL WOOD LETTERS,6.75
LARGE ROUND CUTGLASS CANDLESTICK,6.75
SMALL DOLLY MIX DESIGN ORANGE BOWL,6.72
SET 12 KIDS COLOUR  CHALK STICKS,6.72
SMALL MARSHMALLOWS PINK BOWL,6.72
HEART T-LIGHT HOLDER WILLIE WINKIE,6.6
SET/4 BLUE FLOWER CANDLES IN BOWL,6.6
LUNCH BAG DOILEY PATTERN ,6.6
KITCHEN METAL SIGN,6.6
CLEAR MILKSHAKE GLASS,6.6
PEARL CRYSTAL PUMPKIN T-LIGHT HLDR,6.6
PINK POLKADOT CHILDRENS UMBRELLA,6.5
PINK  HONEYCOMB PAPER FAN,6.5
LUNCH BAG SUKI  DESIGN ,6.3999999999999995
VINTAGE BILLBOARD DRINK ME MUG,6.36
BLUE WIRE SPIRAL CANDLE HOLDER,6.35
5 STRAND GLASS NECKLACE CRYSTAL,6.35
GROW YOUR OWN BASIL IN ENAMEL MUG,6.300000000000001
SET/6 PINK  BUTTERFLY T-LIGHTS,6.300000000000001
SKULLS STORAGE BOX SMALL,6.300000000000001
WHITE WICKER STAR ,6.300000000000001
ANTIQUE ALL GLASS CANDLESTICK,6.3
PINK ENAMEL+GLASS HAIR COMB,6.3
FRENCH LAVENDER SCENT HEART,6.3
FRENCH WC SIGN BLUE METAL,6.25
EGG CUP MILKMAID HELGA ,6.25
PINK POLKADOT BOWL,6.25
GINGERBREAD MAN COOKIE CUTTER,6.25
PORCELAIN T-LIGHT HOLDERS ASSORTED,6.25
JUMBO STORAGE BAG SKULLS,6.24
ASSORTED COLOUR T-LIGHT HOLDER,6.1000000000000005
MOROCCAN TEA GLASS,6.05
SET/4 SPRING FLOWER DECORATION,6.0
NOEL WOODEN BLOCK LETTERS ,5.95
WALL ART BICYCLE SAFETY,5.95
PINK DOG CANNISTER,5.95
WHITE JEWELLED HEART DECORATION,5.95
WHITE SOAP RACK WITH 2 BOTTLES,5.95
12 PENCILS TALL TUBE RED RETROSPOT,5.949999999999999
CHRISTMAS METAL POSTCARD WITH BELLS,5.93
OFFICE MUG WARMER CHOC+BLUE,5.9
RED CHARLIE+LOLA PERSONAL DOORSIGN,5.9
BLUE OWL SOFT TOY,5.9
CALENDAR PAPER CUT DESIGN,5.9
MAKE YOUR OWN PLAYTIME CARD KIT,5.9
SET/4 MODERN VINTAGE COTTON NAPKINS,5.9
PINK OWL SOFT TOY,5.9
"KEY FOB , FRONT  DOOR ",5.8500000000000005
"KEY FOB , BACK DOOR ",5.85
WATERING CAN GREEN DINOSAUR,5.85
SWEETHEART KEY CABINET,5.55
BLACK PHOTO ALBUM ,5.55
RED PAPER PARASOL,5.5
GOLD EAR MUFF HEADPHONES,5.49
SET 12 KIDS  WHITE CHALK STICKS,5.46
COLOURING PENCILS BROWN TUBE,5.45
LAUNDRY 15C METAL SIGN,5.2
BLACK CHAMPAGNE GLASS,5.16
BIRD HOUSE HOT WATER BOTTLE,5.1
DINOSAUR LUNCH BOX WITH CUTLERY,5.1
PACK OF 6 HANDBAG GIFT BOXES,5.1
SWALLOW WOODEN CHRISTMAS DECORATION,5.1
CHRISTMAS MUSICAL ZINC TREE,5.1
MEDIUM WHITE/PINK ROSE ART FLOWER,5.07
WHITE ALLIUM  ARTIFICIAL FLOWER,5.07
CLASSICAL ROSE SMALL VASE,5.05
ROBIN CHRISTMAS CARD,5.04
RING OF ROSES BIRTHDAY CARD,5.04
RAINY LADIES BIRTHDAY CARD,5.04
EMPIRE BIRTHDAY CARD,5.04
CARD BIRTHDAY COWBOY,5.04
BOTANICAL LAVENDER BIRTHDAY CARD,5.04
SPACEBOY BIRTHDAY CARD,5.04
ELEPHANT BIRTHDAY CARD ,5.04
"FANCY FONT BIRTHDAY CARD, ",5.04
"ELEPHANT, BIRTHDAY CARD, ",5.04
PENNY FARTHING BIRTHDAY CARD,5.04
VINTAGE KID DOLLY CARD ,5.04
BANQUET BIRTHDAY  CARD  ,5.04
CHRISTMAS CARD SINGING ANGEL,5.04
12 PINK ROSE PEG PLACE SETTINGS,5.0
RETRO LONGBOARD IRONING BOARD COVER,5.0
ENGLISH ROSE SPIRIT LEVEL ,5.0
EGG CUP MILKMAID HEIDI,5.0
EIGHT PIECE DINOSAUR SET,5.0
COCKTAIL SWORDS 50 PIECES,4.98
CERAMIC BOWL WITH LOVE HEART DESIGN,4.98
LARGE BONNE JAM JAR  T-LIGHT HOLDER,4.98
HOME SWEET HOME 2 DRAWER CABINET,4.95
GINGHAM RECIPE BOOK BOX,4.95
MUM'S KITCHEN CLOCK,4.95
REGENCY CAKE SLICE,4.95
GLASS SPHERE CANDLE STAND MEDIUM,4.95
FLAMINGO LIGHTS,4.95
WHITE 3 FRAME BIRDS AND TREE ,4.95
BLACK WINE GLASS,4.95
FOLDING UMBRELLA CREAM POLKADOT,4.95
POPPY FIELDS CHOPPING BOARD,4.95
DECORATIVE WICKER HEART LARGE,4.95
 TRELLIS COAT RACK,4.95
BUNDLE OF 3 RETRO NOTE BOOKS,4.949999999999999
STAR T-LIGHT HOLDER WILLIE WINKIE,4.949999999999999
BUNDLE OF 3 ALPHABET EXERCISE BOOKS,4.949999999999999
JUMBO BAG SCANDINAVIAN PAISLEY,4.949999999999999
GARLAND WOODEN HAPPY EASTER,4.8100000000000005
HANGING CLEAR MINI BOTTLE,4.720000000000001
GLITTER CHRISTMAS TREE WITH BELLS,4.6899999999999995
NO JUNK MAIL METAL SIGN,4.68
DECORATION WOBBLY CHICKEN,4.68
PACK OF 12 CIRCUS PARADE TISSUES ,4.68
SET/6 COLLAGE PAPER CUPS,4.56
PINK POODLE HANGING DECORATION ,4.56
HEART DECORATION RUSTIC HANGING ,4.56
ASSORTED TUTTI FRUTTI BRACELET,4.56
WHITE STITCHED WALL CLOCK,4.54
WOODLAND DESIGN  COTTON TOTE BAG,4.5
CERAMIC PIRATE CHEST MONEY BANK,4.35
SILVER M.O.P ORBIT DROP EARRINGS,4.25
BROWN CHECK CAT DOORSTOP ,4.25
AIRLINE BAG VINTAGE WORLD CHAMPION ,4.25
"HOOK, 1 HANGER ,MAGIC GARDEN",4.25
SILVER BLACK ORBIT DROP EARRINGS,4.25
FELT EGG COSY CHICKEN,4.25
BLACK SWEETHEART BRACELET,4.25
METAL SIGN NEIGHBOURHOOD WITCH ,4.2
CHILDS GARDEN SPADE PINK,4.2
BALLOON WATER BOMB PACK OF 35,4.2
FLOWERS TILE HOOK,4.2
CANDY SPOT HAND BAG,4.2
BLUE POLKADOT WASHING UP GLOVES,4.2
WHITE CHRYSANTHEMUMS ART FLOWER,4.2
LA PALMIERA TILE HOOK,4.2
VINTAGE CHRISTMAS GIFT SACK,4.15
DOLLY GIRL MINI BACKPACK,4.15
HEART SHAPED HOLLY WREATH,4.15
BLACK HEART CARD HOLDER,3.95
SET OF 4 DIAMOND NAPKIN RINGS,3.95
ANT WHITE WIRE HEART SPIRAL,3.95
GREEN GOOSE FEATHER TREE 60CM,3.9
SET 12 COLOUR PENCILS DOLLY GIRL ,3.9
SET OF 3 GOLD FLYING DUCKS,3.9
BLUE POLKADOT BEAKER ,3.9
ANTIQUE GLASS HEART DECORATION ,3.9
CHARLIE + LOLA BISCUITS TINS,3.9
BLUE MONTE CARLO HANDBAG,3.9
PINK FAIRY CAKE CHILDRENS APRON,3.9
SWALLOW SQUARE TISSUE BOX,3.9
BLUE EASTER EGG HUNT START POST,3.9
HAIRCLIPS FORTIES FABRIC ASSORTED,3.9
BAG 250g SWIRLY MARBLES,3.8599999999999994
SMALL TAHITI BEACH BAG,3.81
BLUE FLYING SINGING CANARY,3.75
BLUE GEISHA GIRL ,3.75
BLACK VINTAGE  CRYSTAL EARRINGS,3.75
MIDNIGHT GLAMOUR SCARF KNITTING KIT,3.75
MILK PAN PINK POLKADOT,3.75
FAIRY CAKE DESIGN UMBRELLA,3.75
VINTAGE EMBOSSED HEART,3.75
RETROSPOT BABUSHKA DOORSTOP,3.75
PINK DRAWER KNOB ACRYLIC EDWARDIAN,3.75
FILIGRIS HEART WITH BUTTERFLY,3.75
BEACH HUT KEY CABINET,3.75
DECORATIVE FLORE BATHROOM BOTTLE,3.75
HAND OPEN SHAPE DECO.WHITE,3.49
12 PENCILS TALL TUBE SKULLS,3.4
FELT EGG COSY BLUE RABBIT ,3.4
CHRISTMAS RETROSPOT ANGEL WOOD,3.4
DECORATION  BUTTERFLY  MAGIC GARDEN,3.4
DECORATION WHITE CHICK MAGIC GARDEN,3.4
3D SHEET OF CAT STICKERS,3.4
PORCELAIN ROSE SMALL,3.4
FELT EGG COSY WHITE RABBIT ,3.4
METAL RABBIT LADDER EASTER ,3.4
RETROSPOT PADDED SEAT CUSHION,3.39
CARD I LOVE LONDON ,3.36
SILK PURSE BABUSHKA BLUE,3.35
IVORY ENCHANTED FOREST PLACEMAT,3.3
RIDGED BONNE JAM JAR T-LIGHT HOLDER,3.3
WOODLAND PARTY BAG + STICKER SET,3.3
BUNDLE OF 3 SCHOOL EXERCISE BOOKS  ,3.3
STRAWBERRY HONEYCOMB  GARLAND ,3.3
IVORY WICKER HEART LARGE,3.3
DOTCOM POSTAGE,3.29
LARGE TORTILLA DESIGN RED BOWL,3.29
"KEY FOB , SHED",3.25
PACK OF 12 DOLLY GIRL TISSUES,3.12
SET 10 CARDS HANGING BAUBLES 17080,2.99
CANDY SPOT CUSHION COVER,2.95
SMALL CHUNKY GLASS ROMAN  BOWL,2.95
PINK HORSE SOCK PUPPET KIT,2.95
YELLOW/BLUE RETRO RADIO,2.95
WOOLLY HAT SOCK GLOVE ADVENT STRING,2.95
WOODEN HAPPY BIRTHDAY GARLAND,2.95
SET OF 6 T-LIGHTS CACTI ,2.95
BLUE PAPER PARASOL ,2.95
FORKED CACTUS CANDLE,2.95
MEASURING TAPE BABUSHKA BLUE,2.95
MEASURING TAPE BABUSHKA PINK,2.95
PINK PAPER PARASOL ,2.95
RED GINGHAM TEDDY BEAR ,2.95
FELTCRAFT DOLL MARIA,2.95
ANT SILVER LIME GREEN BOUDICCA RING,2.95
ANGEL DECORATION 3 BUTTONS ,2.94
SET OF 36 DOLLY GIRL PAPER DOILIES,2.9
SET OF 36 DINOSAUR PAPER DOILIES,2.9
SET OF 12 FORK CANDLES,2.89
HOUSE SHAPE PENCIL SHARPENER,2.88
PACK OF 12 WOODLAND TISSUES ,2.73
12 PENCIL SMALL TUBE WOODLAND,2.6
COFFEE MUG PINK PAISLEY DESIGN,2.55
TROPICAL  HONEYCOMB PAPER GARLAND ,2.55
MONTANA DIAMOND CLUSTER EARRINGS,2.55
SET OF 4 NAPKIN CHARMS CROWNS ,2.55
GREEN METAL SWINGING BUNNY,2.55
PACK OF 20 NAPKINS RED APPLES,2.55
PACK OF 6 PANNETONE GIFT BOXES,2.55
WHITE TRAVEL ALARM CLOCK,2.55
GARDEN PATH JOURNAL,2.55
HANGING JAM JAR T-LIGHT HOLDERS,2.55
CERAMIC STRAWBERRY MONEY BOX,2.55
RETROSPOT GIANT TUBE MATCHES,2.55
PINK LARGE JEWELED PHOTOFRAME,2.55
CAMOUFLAGE DESIGN TEDDY,2.55
ILLUSTRATED CAT BOWL ,2.55
VINTAGE GOLD TINSEL REEL,2.52
LIPSTICK PEN RED,2.52
CHARLIE & LOLA WASTEPAPER BIN BLUE,2.5
PLAYING CARDS KEEP CALM & CARRY ON,2.5
FROG CANDLE,2.5
SMALL WHITE/PINK ROSE ART FLOWER,2.5
SET OF 3 BIRD LIGHT PINK FEATHER ,2.5
SET 6 FOOTBALL CELEBRATION CANDLES,2.5
ROTATING LEAVES T-LIGHT HOLDER,2.5
SALLE DE BAIN HOOK,2.5
 50'S CHRISTMAS GIFT BAG LARGE,2.5
IVORY SWEETHEART SOAP DISH,2.49
PARTY CHARMS 50 PIECES,2.4899999999999998
PINK PAISLEY SQUARE TISSUE BOX ,2.34
BLUE FLOCK GLASS CANDLEHOLDER,2.28
"GREETING CARD, STICKY GORDON",2.28
SET/6 FRUIT SALAD PAPER CUPS,2.28
NUMBER TILE COTTAGE GARDEN No,2.1
WALL TIDY RETROSPOT ,2.1
SET/6 BLACK BIRD T-LIGHT CANDLES,2.1
SILVER PHOTO FRAME,2.1
FUNKY WASHING UP GLOVES ASSORTED,2.1
RETROSPOT RED WASHING UP GLOVES,2.1
ASSORTED TUTTI FRUTTI LARGE PURSE,2.1
COCKLE SHELL DISH,2.1
HOME SWEET HOME BOTTLE ,2.08
LOVE HEART TRINKET POT,1.9500000000000002
NUMBER TILE VINTAGE FONT 4,1.95
NUMBER TILE VINTAGE FONT 6 ,1.95
NUMBER TILE VINTAGE FONT 3,1.95
NUMBER TILE COTTAGE GARDEN 9,1.95
FOOD CONTAINER SET 3 LOVE HEART ,1.95
HEART MINI PORTRAIT FRAME,1.95
T-LIGHT HOLDER SWEETHEART HANGING,1.95
PSYCHEDELIC TILE HOOK,1.95
NUMBER TILE COTTAGE GARDEN 1,1.95
PINK MONTE CARLO HANDBAG,1.95
TV DINNER TRAY AIR HOSTESS ,1.95
PINK BUTTERFLY CUSHION COVER,1.95
MRS ROBOT SOFT TOY,1.95
JUMBO BAG CHARLIE AND LOLA TOYS,1.79
PINK VINTAGE SPOT BEAKER,1.7
IVORY HANGING DECORATION  HEART,1.7
BLUE GLASS GEMS IN BAG,1.7
WOOD STOCKING CHRISTMAS SCANDISPOT,1.7
BUNNY WOODEN PAINTED WITH BIRD ,1.7
BUNNY WOODEN PAINTED WITH FLOWER ,1.7
FAIRY SOAP SOAP HOLDER,1.69
PLACE SETTING WHITE STAR,1.68
FOLDING BUTTERFLY MIRROR HOT PINK ,1.66
12 MESSAGE CARDS WITH ENVELOPES,1.65
PINK HEART SHAPE PHOTO FRAME,1.65
LARGE HEART MEASURING SPOONS,1.65
PINK SMALL JEWELLED PHOTOFRAME,1.65
GLASS CHALICE GREEN  SMALL ,1.65
RETROSPOT SMALL TUBE MATCHES,1.65
SET/4 RED MINI ROSE CANDLE IN BOWL,1.65
SUKI  SHOULDER BAG,1.65
S/4 BLACK MINI ROSE CANDLE IN BOWL,1.65
VINTAGE  2 METRE FOLDING RULER,1.65
HEART IVORY TRELLIS LARGE,1.65
EAU DE NILE HEART SHAPE PHOTO FRAME,1.65
S/4 GROOVY CAT MAGNETS,1.58
ASSTD MULTICOLOUR CIRCLES MUG,1.56
POLYESTER FILLER PAD 45x45cm,1.55
ENGLISH ROSE SCENTED HANGING FLOWER,1.5
SET OF 36 VINTAGE CHRISTMAS DOILIES,1.45
DOOR HANGER  MUM + DADS ROOM,1.45
SET OF 36 MUSHROOM PAPER DOILIES,1.45
PORCELAIN HANGING BELL SMALL,1.45
LOVE HEART SOCK HANGER,1.45
FRENCH LAUNDRY SIGN BLUE METAL,1.45
WINE BOTTLE DRESSING DARK BLUE,1.44
PENS ASSORTED FUNKY JEWELED ,1.33
PACK OF 12 STICKY BUNNIES,1.3
GIFT BAG BIRTHDAY,1.3
HANGING HEART MIRROR DECORATION ,1.3
TRAVEL CARD WALLET VINTAGE LEAF,1.26
RETRO PLASTIC 70'S TRAY,1.26
DECORATIVE CATS BATHROOM BOTTLE,1.25
SILVER BELLS TABLE DECORATION,1.25
EGG CUP HENRIETTA HEN PINK,1.25
MONEY BOX BISCUITS DESIGN,1.25
CRAZY DAISY HEART DECORATION,1.25
EMPIRE DESIGN ROSETTE,1.25
MONEY BOX KINGS CHOICE DESIGN,1.25
POCKET BAG BLUE PAISLEY RED SPOT,1.25
EGG CUP HENRIETTA HEN CREAM ,1.25
ASSORTED TUTTI FRUTTI SMALL PURSE,1.25
SET OF 4 ENGLISH ROSE COASTERS,1.25
SET OF 3 WOODEN SLEIGH DECORATIONS,1.25
SPACEBOY CHILDRENS EGG CUP,1.25
WATERING CAN GARDEN MARKER,1.25
PINK LOVE BIRD CANDLE,1.25
DO NOT TOUCH MY STUFF DOOR HANGER ,1.25
EASTER BUNNY HANGING GARLAND,1.25
HEN PARTY CORDON BARRIER TAPE,1.25
RED METAL BEACH SPADE ,1.25
SET 36 COLOURING PENCILS DOILY,1.25
DOLLY GIRL CHILDRENS EGG CUP,1.25
GARDENIA 1 WICK MORRIS BOXED CANDLE,1.25
2 PICTURE BOOK EGGS EASTER CHICKS,1.25
200 BENDY SKULL STRAWS,1.25
LARGE RED BABUSHKA NOTEBOOK ,1.25
HAPPY STENCIL CRAFT,1.25
12 IVORY ROSE PEG PLACE SETTINGS,1.25
MULTICOLOUR SPRING FLOWER MUG,1.17
GOLD SCROLL GLASS T-LIGHT HOLDER,1.17
DARK BIRD HOUSE TREE DECORATION,1.16
TRADITIONAL MODELLING CLAY,1.06
MONEY BOX POCKET MONEY DESIGN,1.06
BIRD DECORATION RED RETROSPOT,0.85
HANGING HEART BONHEUR,0.85
SWEET PUDDING STICKER SHEET,0.85
BASKET OF FLOWERS SEWING KIT,0.85
IVORY HANGING DECORATION  BIRD,0.85
CHRISTMAS GINGHAM TREE,0.85
SMALL HEART FLOWERS HOOK ,0.85
BEST DAD CANDLE LETTERS,0.85
MAGIC TREE -PAPER FLOWERS,0.85
RED FLOCK LOVE HEART PHOTO FRAME,0.85
MINI  ZINC GARDEN DECORATIONS ,0.85
EASTER DECORATION SITTING BUNNY,0.85
FOLKART ZINC HEART CHRISTMAS DEC,0.85
SEWING SUSAN 21 NEEDLE SET,0.85
BOOZE & WOMEN GREETING CARD ,0.84
MINI JIGSAW DINOSAUR ,0.84
MINI PLAYING CARDS DOLLY GIRL ,0.84
LIPSTICK PEN FUSCHIA,0.84
PACK OF 12 TRADITIONAL CRAYONS,0.84
MAGIC DRAWING SLATE SPACEBOY ,0.84
BLUE CHECK BAG W HANDLE 34X20CM,0.83
50'S CHRISTMAS PAPER GIFT BAG,0.82
BLACK MEDIUM GLASS CAKE STAND,0.79
BLACK BIRD GARDEN DESIGN MUG,0.78
PINK/WHITE CHRISTMAS TREE 60CM,0.65
SUMMER FUN DESIGN SHOWER CAP,0.58
SWIRLY CIRCULAR RUBBERS IN BAG,0.42
CHRISTMAS TREE HEART DECORATION,0.42
HEN HOUSE W CHICK STANDING,0.42
MINI JIGSAW PURDEY,0.42
TOYBOX  WRAP ,0.42
MINI JIGSAW BUNNIES,0.42
MINI JIGSAW CIRCUS PARADE ,0.42
TRAVEL CARD WALLET I LOVE LONDON,0.42
ASSORTED CIRCULAR MOBILE,0.42
ASSORTED MONKEY SUCTION CUP HOOK,0.42
CANDY HEART HANGING DECORATION,0.39
PACK OF 12 SUKI TISSUES ,0.39
TUMBLER BAROQUE,0.39
WAKE UP COCKEREL TILE HOOK,0.39
MAGNETS PACK OF 4 HOME SWEET HOME,0.39
BLACK SMALL GLASS CAKE STAND,0.39
STRIPY DESIGN SHOWER CAP,0.29
FRENCH STYLE STORAGE JAR JAM,0.29
RECYCLED PENCIL WITH RABBIT ERASER,0.21
STARS GIFT TAPE ,0.19
HANGING WOOD AND FELT FLOWER,0.12
crushed boxes,0.0
crushed,0.0
stock creditted wrongly,0.0
taig adjust no stock,0.0
smashed,0.0
label mix up,0.0
lost,0.0
sold in set?,0.0
sold with wrong barcode,0.0
stock check,0.0
Show Samples,0.0
Dotcom,0.0
Thrown away-rusty,0.0
Thrown away.,0.0
Damaged,0.0
Dagamed,0.0
Damages/samples,0.0
Display,0.0
"MERCHANT CHANDLER CREDIT ERROR, STO",0.0
crushed ctn,0.0
"Unsaleable, destroyed.",0.0
Breakages,0.0
CHECK,0.0
lost in space,0.0
lost??,0.0
missing,0.0
missing?,0.0
dotcom sold sets,0.0
ebay,0.0
20713,0.0
20713 wrongly marked,0.0
adjust,0.0
adjustment,0.0
barcode problem,0.0
broken,0.0
can't find,0.0
check,0.0
code mix up? 84930,0.0
counted,0.0
cracked,0.0
? sold as sets?,0.0
??,0.0
???missing,0.0
???lost,0.0
Incorrect stock entry.,0.0
Damages,0.0
?? missing,0.0
???,0.0
????damages????,0.0
Printing smudges/thrown away,0.0
?display?,0.0
Amazon sold sets,0.0
Crushed,0.0
DAMAGED,0.0
?sold as sets?,0.0
?missing,0.0
?lost,0.0
POSSIBLE DAMAGES OR LOST?,0.0
Not rcvd in 10/11/2010 delivery,0.0
OOPS ! adjustment,0.0
Given away,0.0
Missing,0.0
faulty,0.0
found some more on shelf,0.0
historic computer difference?....se,0.0
incorrect stock entry.,0.0
????missing,0.0
?,0.0
Dotcom sold in 6's,0.0
WET/MOULDY,0.0
Dotcom set,0.0
Dotcom sales,0.0
MIA,0.0
Sold as 1 on dotcom,0.0
samples/damages,0.0
samples,0.0
rusty thrown away,0.0
rusty throw away,0.0
reverse previous adjustment,0.0
incorrectly put back into stock,0.0
incorrectly made-thrown away.,0.0
incorrectly credited C550456 see 47,0.0
Water damaged,0.0
Wet pallet-thrown away,0.0
Wrongly mrked had 85123a in box,0.0
temp adjustment,0.0
test,0.0
throw away,0.0
showroom,0.0
wrongly coded-23343,0.0
thrown away-can't sell.,0.0
sold as 1,0.0
sold as 22467,0.0
sold as set by dotcom,0.0
sold as set on dotcom,0.0
sold as set on dotcom and amazon,0.0
sold as set/6 by dotcom,0.0
wet pallet,0.0
wet rusty,0.0
wet/rusty,0.0
wet?,0.0
wrong barcode,0.0
wrong barcode (22467),0.0
wrong code,0.0
thrown away,0.0
thrown away-can't sell,0.0
wrongly coded 20713,0.0
wrong code?,0.0
water damage,0.0
water damaged,0.0
mouldy,0.0
"mouldy, thrown away.",0.0
mix up with c,0.0
mixed up,0.0
mystery! Only ever imported 1800,0.0
"mouldy, unsaleable.",0.0
printing smudges/thrown away,0.0
re dotcom quick fix.,0.0
reverse 21/5/10 adjustment,0.0
re-adjustment,0.0
wet,0.0
wet boxes,0.0
wet damaged,0.0
damaged,0.0
damaged stock,0.0
damages,0.0
damages wax,0.0
damages/credits from ASOS.,0.0
damages/display,0.0
damages/dotcom?,0.0
damages/showroom etc,0.0
damages?,0.0
dotcom,0.0
dotcom sales,0.0
wrongly marked carton 22804,0.0
wrongly marked. 23343 in box,0.0
wrongly sold as sets,0.0
wrongly sold sets,0.0
